,mean_fit_time,std_fit_time,mean_score_time,std_score_time,param_classifier__l2_regularization,param_classifier__learning_rate,param_classifier__max_bins,param_classifier__max_leaf_nodes,param_classifier__min_samples_leaf,params,split0_test_score,split1_test_score,split2_test_score,split3_test_score,split4_test_score,mean_test_score,std_test_score,rank_test_score
0,1.364789867401123,0.2569100484248882,0.160200834274292,0.027926912835240996,0.0017408272233952523,0.011410332998526826,188,6,3,"{'classifier__l2_regularization': 0.0017408272233952523, 'classifier__learning_rate': 0.011410332998526826, 'classifier__max_bins': 188, 'classifier__max_leaf_nodes': 6, 'classifier__min_samples_leaf': 3}",0.8205268186160776,0.8155883155883156,0.816953316953317,0.8157248157248157,0.8173628173628174,0.8172312168490686,0.0017845955818461862,65
1,1.1658782958984375,0.15408079180275594,0.15630655288696288,0.02842905580632511,1.9136604251244653e-05,0.06028862815482553,244,3,7,"{'classifier__l2_regularization': 1.9136604251244653e-05, 'classifier__learning_rate': 0.06028862815482553, 'classifier__max_bins': 244, 'classifier__max_leaf_nodes': 3, 'classifier__min_samples_leaf': 7}",0.8359492288794869,0.8323778323778324,0.8338793338793339,0.8352443352443353,0.8372918372918373,0.8349485135345652,0.0016930241972086945,55
2,1.8296579837799072,0.13516398260481166,0.1389589786529541,0.018306992467964186,3.501402033579731e-06,0.001020678930057897,3,16,10,"{'classifier__l2_regularization': 3.501402033579731e-06, 'classifier__learning_rate': 0.001020678930057897, 'classifier__max_bins': 3, 'classifier__max_leaf_nodes': 16, 'classifier__min_samples_leaf': 10}",0.7589736590691961,0.758940758940759,0.758940758940759,0.758940758940759,0.758940758940759,0.7589473389664464,1.316005137486087e-05,119
3,7.492448472976685,0.1451009425661354,0.1751072883605957,0.004313247657277073,2.283546046272413,0.0040122337715233145,149,131,3,"{'classifier__l2_regularization': 2.283546046272413, 'classifier__learning_rate': 0.0040122337715233145, 'classifier__max_bins': 149, 'classifier__max_leaf_nodes': 131, 'classifier__min_samples_leaf': 3}",0.7589736590691961,0.758940758940759,0.758940758940759,0.758940758940759,0.758940758940759,0.7589473389664464,1.316005137486087e-05,119
4,3.556845712661743,0.21983208050898032,0.1792520046234131,0.021931411965349642,2.839202430105061,0.005506323464750432,86,51,1,"{'classifier__l2_regularization': 2.839202430105061, 'classifier__learning_rate': 0.005506323464750432, 'classifier__max_bins': 86, 'classifier__max_leaf_nodes': 51, 'classifier__min_samples_leaf': 1}",0.8180701514944725,0.8116298116298116,0.8143598143598143,0.8117663117663118,0.8123123123123123,0.8136276803125446,0.0024272591777482946,71
5,1.2145905494689941,0.037514991193169346,0.13168301582336425,0.00943652299666896,2.381810102843313,0.11816586194241356,30,7,1,"{'classifier__l2_regularization': 2.381810102843313, 'classifier__learning_rate': 0.11816586194241356, 'classifier__max_bins': 30, 'classifier__max_leaf_nodes': 7, 'classifier__min_samples_leaf': 1}",0.8543742322915245,0.8596778596778597,0.8533988533988534,0.853944853944854,0.8536718536718537,0.855013530596989,0.0023543159223207077,25
6,1.423431158065796,0.016244414897080423,0.13040099143981934,0.005985034342858103,0.011202497161396116,0.053259331819148895,3,11,78,"{'classifier__l2_regularization': 0.011202497161396116, 'classifier__learning_rate': 0.053259331819148895, 'classifier__max_bins': 3, 'classifier__max_leaf_nodes': 11, 'classifier__min_samples_leaf': 78}",0.8067421864337382,0.8082173082173082,0.8087633087633087,0.8063063063063063,0.8064428064428064,0.8072943832326935,0.0010015920415048134,77
7,2.2666854858398438,0.14546551693340942,0.18592233657836915,0.04366241664728802,79.4722728262839,0.0036674801088339695,85,26,13,"{'classifier__l2_regularization': 79.4722728262839, 'classifier__learning_rate': 0.0036674801088339695, 'classifier__max_bins': 85, 'classifier__max_leaf_nodes': 26, 'classifier__min_samples_leaf': 13}",0.7589736590691961,0.758940758940759,0.758940758940759,0.758940758940759,0.758940758940759,0.7589473389664464,1.316005137486087e-05,119
8,0.9214453220367431,0.10477625801552706,0.13184261322021484,0.038226764060845755,5.462204339067985,0.01663049033398519,60,3,7,"{'classifier__l2_regularization': 5.462204339067985, 'classifier__learning_rate': 0.01663049033398519, 'classifier__max_bins': 60, 'classifier__max_leaf_nodes': 3, 'classifier__min_samples_leaf': 7}",0.7982803330148764,0.7945672945672946,0.7919737919737919,0.7930657930657931,0.7930657930657931,0.7941906011375097,0.002205104715587618,95
9,2.281921148300171,0.17421695355207859,0.14640140533447266,0.01371915150887548,0.08316300549924353,0.004478026384537735,23,27,12,"{'classifier__l2_regularization': 0.08316300549924353, 'classifier__learning_rate': 0.004478026384537735, 'classifier__max_bins': 23, 'classifier__max_leaf_nodes': 27, 'classifier__min_samples_leaf': 12}",0.7915927391838405,0.786923286923287,0.7897897897897898,0.7878787878787878,0.7877422877422877,0.7887853783035986,0.0016892273956806941,101
10,0.7874517440795898,0.02592097601243471,0.12179999351501465,0.017151477386496947,1.7926736800525845e-05,0.04120382276555289,8,2,1,"{'classifier__l2_regularization': 1.7926736800525845e-05, 'classifier__learning_rate': 0.04120382276555289, 'classifier__max_bins': 8, 'classifier__max_leaf_nodes': 2, 'classifier__min_samples_leaf': 1}",0.7876347754879214,0.7854217854217854,0.7822822822822822,0.7844662844662844,0.7885612885612886,0.7856732832439125,0.002245306716776452,105
11,0.4779963970184326,0.010678988798953267,0.0764085292816162,0.0033869454967877426,9.953493875697335e-05,1.8133207583979265,94,27,1,"{'classifier__l2_regularization': 9.953493875697335e-05, 'classifier__learning_rate': 1.8133207583979265, 'classifier__max_bins': 94, 'classifier__max_leaf_nodes': 27, 'classifier__min_samples_leaf': 1}",0.6384604886037942,0.7347802347802348,0.7967512967512967,0.8011193011193011,0.8064428064428064,0.7555108255394867,0.06403985471440342,172
12,1.0942249298095703,0.02311759592854476,0.12585344314575195,0.012301705189867942,842.1263039794704,0.0016830204628300845,120,6,5,"{'classifier__l2_regularization': 842.1263039794704, 'classifier__learning_rate': 0.0016830204628300845, 'classifier__max_bins': 120, 'classifier__max_leaf_nodes': 6, 'classifier__min_samples_leaf': 5}",0.7589736590691961,0.758940758940759,0.758940758940759,0.758940758940759,0.758940758940759,0.7589473389664464,1.316005137486087e-05,119
13,2.4962565898895264,0.14880252856286882,0.14941048622131348,0.007823842449378917,0.0246492361737733,0.049855074270943836,37,30,23,"{'classifier__l2_regularization': 0.0246492361737733, 'classifier__learning_rate': 0.049855074270943836, 'classifier__max_bins': 37, 'classifier__max_leaf_nodes': 30, 'classifier__min_samples_leaf': 23}",0.8528729357172103,0.8609063609063609,0.8579033579033579,0.853944853944854,0.8557193557193558,0.8562693728382278,0.0028779596095430573,17
14,1.4838843822479248,0.03455846348617622,0.0807100772857666,0.0037515241367076075,4.683285528286586e-05,1.3339495252068978,17,251,6,"{'classifier__l2_regularization': 4.683285528286586e-05, 'classifier__learning_rate': 1.3339495252068978, 'classifier__max_bins': 17, 'classifier__max_leaf_nodes': 251, 'classifier__min_samples_leaf': 6}",0.8051044083526682,0.8001638001638002,0.7881517881517881,0.7982527982527983,0.7915642915642915,0.7966474172970692,0.006074154689869427,91
15,0.37104263305664065,0.014967213014021248,0.0733978271484375,0.005817422685850156,0.05584624559079217,7.432115618837024,199,21,5,"{'classifier__l2_regularization': 0.05584624559079217, 'classifier__learning_rate': 7.432115618837024, 'classifier__max_bins': 199, 'classifier__max_leaf_nodes': 21, 'classifier__min_samples_leaf': 5}",0.7577453255083936,0.7877422877422877,0.758940758940759,0.7444717444717445,0.7555282555282555,0.7608856744382881,0.01437387352232349,118
16,0.3708089828491211,0.008773645634885734,0.07279953956604004,0.00256268781760148,2.093239491586573e-05,2.03598807991272,57,6,12,"{'classifier__l2_regularization': 2.093239491586573e-05, 'classifier__learning_rate': 2.03598807991272, 'classifier__max_bins': 57, 'classifier__max_leaf_nodes': 6, 'classifier__min_samples_leaf': 12}",0.7146171693735499,0.7613977613977614,0.698061698061698,0.6390936390936391,0.6953316953316954,0.7017003926516687,0.03925308892568395,183
17,1.335125732421875,0.03398402454752969,0.13400044441223144,0.007534386663367382,1.2454703557978448e-06,0.011619984449593009,9,10,89,"{'classifier__l2_regularization': 1.2454703557978448e-06, 'classifier__learning_rate': 0.011619984449593009, 'classifier__max_bins': 9, 'classifier__max_leaf_nodes': 10, 'classifier__min_samples_leaf': 89}",0.8012829261635048,0.7972972972972973,0.794976794976795,0.7933387933387933,0.7955227955227955,0.796483721459837,0.0027121596707904384,92
18,1.3489695072174073,0.0655453837881724,0.1828068256378174,0.06820993247106305,0.0008012521650057617,0.07423420086042401,6,7,4,"{'classifier__l2_regularization': 0.0008012521650057617, 'classifier__learning_rate': 0.07423420086042401, 'classifier__max_bins': 6, 'classifier__max_leaf_nodes': 7, 'classifier__min_samples_leaf': 4}",0.8262590418998226,0.8394758394758395,0.8342888342888343,0.8304668304668305,0.8321048321048321,0.8325190756472317,0.004361191101709567,58
19,3.2152851581573487,0.26326808684657543,0.1665982723236084,0.01556408755973397,3.7000282270459534e-05,0.015083465940528278,97,43,1,"{'classifier__l2_regularization': 3.7000282270459534e-05, 'classifier__learning_rate': 0.015083465940528278, 'classifier__max_bins': 97, 'classifier__max_leaf_nodes': 43, 'classifier__min_samples_leaf': 1}",0.853145898730722,0.8551733551733551,0.8579033579033579,0.8517608517608518,0.8554463554463555,0.8546859638029284,0.0021021632420994566,27
20,2.2828722476959227,0.15089093409228432,0.1444007396697998,0.008406869260641592,0.006434861823294003,0.03838044464150404,2,28,1,"{'classifier__l2_regularization': 0.006434861823294003, 'classifier__learning_rate': 0.03838044464150404, 'classifier__max_bins': 2, 'classifier__max_leaf_nodes': 28, 'classifier__min_samples_leaf': 1}",0.8055138528729358,0.8035763035763036,0.8024843024843025,0.7994812994812995,0.8037128037128037,0.802953712425529,0.001989781685615885,82
21,2.834356594085693,0.09840651266284862,0.15891895294189454,0.014289021444247084,0.0027788330099108817,0.06082139273234778,67,40,48,"{'classifier__l2_regularization': 0.0027788330099108817, 'classifier__learning_rate': 0.06082139273234778, 'classifier__max_bins': 67, 'classifier__max_leaf_nodes': 40, 'classifier__min_samples_leaf': 48}",0.856421454892862,0.8651378651378652,0.8603603603603603,0.8565383565383565,0.8588588588588588,0.8594633791576605,0.00319933967453939,11
22,1.1319893836975097,0.014646068569108961,0.13031764030456544,0.00958516176737117,1.808191831899697e-05,0.0011491458177501942,78,8,10,"{'classifier__l2_regularization': 1.808191831899697e-05, 'classifier__learning_rate': 0.0011491458177501942, 'classifier__max_bins': 78, 'classifier__max_leaf_nodes': 8, 'classifier__min_samples_leaf': 10}",0.7589736590691961,0.758940758940759,0.758940758940759,0.758940758940759,0.758940758940759,0.7589473389664464,1.316005137486087e-05,119
23,0.7519749164581299,0.013846500581443193,0.10140032768249511,0.006373835413162448,2.9578801653456475e-06,0.4498189588880079,109,2,1,"{'classifier__l2_regularization': 2.9578801653456475e-06, 'classifier__learning_rate': 0.4498189588880079, 'classifier__max_bins': 109, 'classifier__max_leaf_nodes': 2, 'classifier__min_samples_leaf': 1}",0.851508120649652,0.858995358995359,0.8583128583128583,0.8542178542178542,0.8558558558558559,0.8557780096063159,0.0027367459375393,21
24,2.2518224239349367,0.03607913120640849,0.14419879913330078,0.016279351104996346,3.154864850122324,0.00653170715659752,8,30,15,"{'classifier__l2_regularization': 3.154864850122324, 'classifier__learning_rate': 0.00653170715659752, 'classifier__max_bins': 8, 'classifier__max_leaf_nodes': 30, 'classifier__min_samples_leaf': 15}",0.7844957008325372,0.7824187824187824,0.7847392847392848,0.7870597870597871,0.7862407862407862,0.7849908682582355,0.0015979255666339917,106
25,1.0675195693969726,0.019013864628775193,0.12080206871032714,0.0029264880165202115,0.23946314881070108,0.0011734620814391676,231,7,4,"{'classifier__l2_regularization': 0.23946314881070108, 'classifier__learning_rate': 0.0011734620814391676, 'classifier__max_bins': 231, 'classifier__max_leaf_nodes': 7, 'classifier__min_samples_leaf': 4}",0.7589736590691961,0.758940758940759,0.758940758940759,0.758940758940759,0.758940758940759,0.7589473389664464,1.316005137486087e-05,119
26,4.783412122726441,0.3328400505595158,0.17921323776245118,0.021474717647168226,4.341755943136561e-05,0.0435554782072875,254,79,57,"{'classifier__l2_regularization': 4.341755943136561e-05, 'classifier__learning_rate': 0.0435554782072875, 'classifier__max_bins': 254, 'classifier__max_leaf_nodes': 79, 'classifier__min_samples_leaf': 57}",0.8632455302306538,0.8714168714168714,0.8703248703248703,0.8644553644553644,0.868959868959869,0.8676805010775258,0.0032453168366625013,4
27,0.844084358215332,0.03389470781015222,0.1119997501373291,0.009274058049096623,72.24239757603209,0.0028489888177077915,3,3,2,"{'classifier__l2_regularization': 72.24239757603209, 'classifier__learning_rate': 0.0028489888177077915, 'classifier__max_bins': 3, 'classifier__max_leaf_nodes': 3, 'classifier__min_samples_leaf': 2}",0.7589736590691961,0.758940758940759,0.758940758940759,0.758940758940759,0.758940758940759,0.7589473389664464,1.316005137486087e-05,119
28,3.720507097244263,0.21858018373204086,0.14076170921325684,0.01419596185027785,23.351211929032434,0.030038159196050303,2,72,31,"{'classifier__l2_regularization': 23.351211929032434, 'classifier__learning_rate': 0.030038159196050303, 'classifier__max_bins': 2, 'classifier__max_leaf_nodes': 72, 'classifier__min_samples_leaf': 31}",0.8042855193121332,0.8023478023478023,0.8012558012558012,0.7956592956592956,0.8020748020748021,0.8011246441299669,0.0029078268229298966,85
29,0.7046243190765381,0.14538143718459626,0.09913520812988282,0.025697979249467574,6.17211801560115,1.3070305983098034,204,29,33,"{'classifier__l2_regularization': 6.17211801560115, 'classifier__learning_rate': 1.3070305983098034, 'classifier__max_bins': 204, 'classifier__max_leaf_nodes': 29, 'classifier__min_samples_leaf': 33}",0.8581957144806879,0.8574938574938575,0.8626808626808626,0.8543543543543544,0.8555828555828556,0.8576615289185237,0.0028553621757505952,15
30,0.7537650108337403,0.021678468849038086,0.07720022201538086,0.006614277817087244,8.494234009099621e-06,2.7493556113009285,71,87,1,"{'classifier__l2_regularization': 8.494234009099621e-06, 'classifier__learning_rate': 2.7493556113009285, 'classifier__max_bins': 71, 'classifier__max_leaf_nodes': 87, 'classifier__min_samples_leaf': 1}",0.7600655111232428,0.677040677040677,0.3882063882063882,0.6167076167076168,0.6240786240786241,0.6132197634313099,0.12361058339339992,190
31,1.0729285717010497,0.19063657998350908,0.0919156551361084,0.00837507788322701,0.9120535892385437,0.2170921427135294,4,29,78,"{'classifier__l2_regularization': 0.9120535892385437, 'classifier__learning_rate': 0.2170921427135294, 'classifier__max_bins': 4, 'classifier__max_leaf_nodes': 29, 'classifier__min_samples_leaf': 78}",0.8135662617715299,0.8142233142233142,0.8142233142233142,0.8164073164073165,0.8166803166803167,0.8150201046611583,0.00126996610416498,67
32,0.3816826820373535,0.011162597592566617,0.06747698783874512,0.0038094732157661197,0.028907741946055995,3.0272992912354244,2,21,3,"{'classifier__l2_regularization': 0.028907741946055995, 'classifier__learning_rate': 3.0272992912354244, 'classifier__max_bins': 2, 'classifier__max_leaf_nodes': 21, 'classifier__min_samples_leaf': 3}",0.7547427323597653,0.6919191919191919,0.7072072072072072,0.7193557193557194,0.7618072618072618,0.727006422529829,0.027063101210947085,180
33,0.3410245418548584,0.016846143315342413,0.06901764869689941,0.005336980695053038,0.015362721921657968,7.211100464195157,16,16,46,"{'classifier__l2_regularization': 0.015362721921657968, 'classifier__learning_rate': 7.211100464195157, 'classifier__max_bins': 16, 'classifier__max_leaf_nodes': 16, 'classifier__min_samples_leaf': 46}",0.7532414357854511,0.22918372918372917,0.5911820911820912,0.6564291564291564,0.7016107016107016,0.5863294228382259,0.18635447986943515,195
34,0.8504384517669678,0.008483500217241735,0.11746573448181152,0.005066928442732327,0.0012354796713529457,0.016638287608828257,15,3,11,"{'classifier__l2_regularization': 0.0012354796713529457, 'classifier__learning_rate': 0.016638287608828257, 'classifier__max_bins': 15, 'classifier__max_leaf_nodes': 3, 'classifier__min_samples_leaf': 11}",0.793776443291934,0.7876057876057876,0.7833742833742834,0.7865137865137866,0.7865137865137866,0.7875568174599156,0.003416300983582622,102
35,0.6671465873718262,0.03150823547570864,0.07000775337219238,0.0033544084699639997,0.0005068746813961394,0.9331748164203137,3,57,4,"{'classifier__l2_regularization': 0.0005068746813961394, 'classifier__learning_rate': 0.9331748164203137, 'classifier__max_bins': 3, 'classifier__max_leaf_nodes': 57, 'classifier__min_samples_leaf': 4}",0.8051044083526682,0.801938301938302,0.7993447993447993,0.7978432978432979,0.7981162981162981,0.8004694211190732,0.0027327350027990436,87
36,1.8668132305145264,0.33938479345482514,0.18719854354858398,0.028152105994787343,3.4642333372779563,0.0011469883315388958,26,16,16,"{'classifier__l2_regularization': 3.4642333372779563, 'classifier__learning_rate': 0.0011469883315388958, 'classifier__max_bins': 26, 'classifier__max_leaf_nodes': 16, 'classifier__min_samples_leaf': 16}",0.7589736590691961,0.758940758940759,0.758940758940759,0.758940758940759,0.758940758940759,0.7589473389664464,1.316005137486087e-05,119
37,2.56078896522522,0.22643294626368057,0.09842333793640137,0.004473130910433386,28.27471288164372,0.3201069414376901,59,121,3,"{'classifier__l2_regularization': 28.27471288164372, 'classifier__learning_rate': 0.3201069414376901, 'classifier__max_bins': 59, 'classifier__max_leaf_nodes': 121, 'classifier__min_samples_leaf': 3}",0.8587416405077112,0.8576303576303577,0.8569478569478569,0.8509418509418509,0.8547638547638547,0.8558051121583263,0.0027566687162271287,20
38,0.5955845832824707,0.056530050028528935,0.09240579605102539,0.009646955743467375,0.03938783441804908,0.9873580187474864,4,3,5,"{'classifier__l2_regularization': 0.03938783441804908, 'classifier__learning_rate': 0.9873580187474864, 'classifier__max_bins': 4, 'classifier__max_leaf_nodes': 3, 'classifier__min_samples_leaf': 5}",0.8149310768390883,0.8149058149058149,0.8139503139503139,0.8170898170898171,0.8170898170898171,0.8155933679749703,0.0012719831135800436,66
39,0.42051682472229,0.02466210713991762,0.07534303665161132,0.0023388593450508234,2.0902332465721485e-05,1.135948512740641,34,9,3,"{'classifier__l2_regularization': 2.0902332465721485e-05, 'classifier__learning_rate': 1.135948512740641, 'classifier__max_bins': 34, 'classifier__max_leaf_nodes': 9, 'classifier__min_samples_leaf': 3}",0.845775897365907,0.8544908544908545,0.8493038493038493,0.8491673491673492,0.8493038493038493,0.8496083599263619,0.0027894969574315544,39
40,1.589300537109375,0.10743259413054118,0.1502971649169922,0.026729871608192672,1.5506491428960686e-05,0.006465233201617753,49,13,12,"{'classifier__l2_regularization': 1.5506491428960686e-05, 'classifier__learning_rate': 0.006465233201617753, 'classifier__max_bins': 49, 'classifier__max_leaf_nodes': 13, 'classifier__min_samples_leaf': 12}",0.8023747782175515,0.7917007917007917,0.7922467922467923,0.7964782964782965,0.797979797979798,0.796156091324646,0.003930244338854885,93
41,0.44350743293762207,0.025000652265902534,0.07599773406982421,0.009859466879284616,8.186871911641356e-06,1.7759247081903082,168,21,10,"{'classifier__l2_regularization': 8.186871911641356e-06, 'classifier__learning_rate': 1.7759247081903082, 'classifier__max_bins': 168, 'classifier__max_leaf_nodes': 21, 'classifier__min_samples_leaf': 10}",0.7778081070015013,0.775047775047775,0.7364182364182364,0.6794976794976795,0.7575757575757576,0.74526951110819,0.03605891796802196,173
42,1.3220197200775146,0.021696262100926022,0.1337989330291748,0.022725195495415695,0.00011954831284015253,0.006353540375522213,34,12,2,"{'classifier__l2_regularization': 0.00011954831284015253, 'classifier__learning_rate': 0.006353540375522213, 'classifier__max_bins': 34, 'classifier__max_leaf_nodes': 12, 'classifier__min_samples_leaf': 2}",0.8111095946499249,0.8091728091728092,0.8075348075348076,0.8050778050778051,0.8078078078078078,0.8081405648486311,0.001986898733757056,74
43,2.2779412269592285,0.08198829762503923,0.1251859188079834,0.004999546220278073,299.59735456691305,0.013805865061037004,15,122,74,"{'classifier__l2_regularization': 299.59735456691305, 'classifier__learning_rate': 0.013805865061037004, 'classifier__max_bins': 15, 'classifier__max_leaf_nodes': 122, 'classifier__min_samples_leaf': 74}",0.7817660706974205,0.7790062790062791,0.7754572754572755,0.7766857766857767,0.7768222768222768,0.7779475357338057,0.00222538923981758,109
44,2.1328267574310305,0.12183148528685597,0.1358013153076172,0.016532409055314355,0.00012290021217459254,0.020912198772642266,25,24,10,"{'classifier__l2_regularization': 0.00012290021217459254, 'classifier__learning_rate': 0.020912198772642266, 'classifier__max_bins': 25, 'classifier__max_leaf_nodes': 24, 'classifier__min_samples_leaf': 10}",0.8475501569537328,0.8527163527163527,0.8516243516243516,0.8467103467103467,0.8493038493038493,0.8495810114617266,0.0022998916849438556,40
45,3.0600868701934814,0.2820553185758335,0.11320185661315918,0.013013295121436015,1.0479407527825102e-05,0.09301220456889796,5,96,27,"{'classifier__l2_regularization': 1.0479407527825102e-05, 'classifier__learning_rate': 0.09301220456889796, 'classifier__max_bins': 5, 'classifier__max_leaf_nodes': 96, 'classifier__min_samples_leaf': 27}",0.8284427460079159,0.828009828009828,0.8323778323778324,0.8248703248703249,0.8289653289653289,0.828533212046246,0.0023944388880487565,61
46,0.48780026435852053,0.0476385840188723,0.07299642562866211,0.0044265773086982355,0.026462986585535905,0.9688439346235218,3,23,5,"{'classifier__l2_regularization': 0.026462986585535905, 'classifier__learning_rate': 0.9688439346235218, 'classifier__max_bins': 3, 'classifier__max_leaf_nodes': 23, 'classifier__min_samples_leaf': 5}",0.8066057049269824,0.8058968058968059,0.8020748020748021,0.808899808899809,0.8011193011193011,0.80491928458354,0.002904310258773291,80
47,0.9191244602203369,0.17865122192341157,0.09299941062927246,0.014869671876050105,124.69409804400622,1.1485698259050752,24,26,4,"{'classifier__l2_regularization': 124.69409804400622, 'classifier__learning_rate': 1.1485698259050752, 'classifier__max_bins': 24, 'classifier__max_leaf_nodes': 26, 'classifier__min_samples_leaf': 4}",0.8520540466766753,0.8540813540813541,0.8558558558558559,0.8517608517608518,0.8520338520338521,0.8531571920817178,0.0015852728791535245,30
48,1.0808609008789063,0.13628352462681612,0.1277031421661377,0.01817137133155278,0.00014044695570020673,0.003523207570020353,5,4,1,"{'classifier__l2_regularization': 0.00014044695570020673, 'classifier__learning_rate': 0.003523207570020353, 'classifier__max_bins': 5, 'classifier__max_leaf_nodes': 4, 'classifier__min_samples_leaf': 1}",0.7589736590691961,0.758940758940759,0.758940758940759,0.758940758940759,0.758940758940759,0.7589473389664464,1.316005137486087e-05,119
49,0.5288217544555665,0.10179354723434904,0.07579846382141113,0.010265860908334527,17.643139963358454,1.5515918936129036,18,13,3,"{'classifier__l2_regularization': 17.643139963358454, 'classifier__learning_rate': 1.5515918936129036, 'classifier__max_bins': 18, 'classifier__max_leaf_nodes': 13, 'classifier__min_samples_leaf': 3}",0.8375870069605569,0.8428883428883429,0.8450723450723451,0.8438438438438438,0.8423423423423423,0.8423467762214862,0.0025541595313490445,49
50,2.2532432079315186,0.25912631200542025,0.12040257453918457,0.011447879729617813,550.6384491278686,1.1513853682146205,35,59,1,"{'classifier__l2_regularization': 550.6384491278686, 'classifier__learning_rate': 1.1513853682146205, 'classifier__max_bins': 35, 'classifier__max_leaf_nodes': 59, 'classifier__min_samples_leaf': 1}",0.8532823802374778,0.8579033579033579,0.8561288561288561,0.8536718536718537,0.8520338520338521,0.8546040599950795,0.0021181210971907903,29
51,0.5438015937805176,0.025962459774106078,0.07439703941345215,0.005816701351825779,77.17643249149657,5.4696158235348875,110,81,63,"{'classifier__l2_regularization': 77.17643249149657, 'classifier__learning_rate': 5.4696158235348875, 'classifier__max_bins': 110, 'classifier__max_leaf_nodes': 81, 'classifier__min_samples_leaf': 63}",0.7679814385150812,0.7538902538902539,0.7777777777777778,0.7757302757302758,0.7761397761397761,0.770303904410633,0.008878777606032407,115
52,2.3292705535888674,0.2992515278873308,0.16520109176635742,0.026300189915962575,0.10710690926911964,0.0057389221558077725,111,26,14,"{'classifier__l2_regularization': 0.10710690926911964, 'classifier__learning_rate': 0.0057389221558077725, 'classifier__max_bins': 111, 'classifier__max_leaf_nodes': 26, 'classifier__min_samples_leaf': 14}",0.8180701514944725,0.8127218127218128,0.8155883155883156,0.8131313131313131,0.8127218127218128,0.8144466811315454,0.002103016963398919,70
53,0.5423068523406982,0.0645246498737928,0.08263468742370605,0.006240128174566939,0.027728973530717918,1.4685650894157476,138,19,2,"{'classifier__l2_regularization': 0.027728973530717918, 'classifier__learning_rate': 1.4685650894157476, 'classifier__max_bins': 138, 'classifier__max_leaf_nodes': 19, 'classifier__min_samples_leaf': 2}",0.8449570083253719,0.8561288561288561,0.853944853944854,0.8536718536718537,0.8428883428883429,0.8503181829918557,0.0053312004146265765,37
54,1.4766716957092285,0.2692523835682323,0.1221999168395996,0.014824150641591736,0.03652160072895401,0.16736818764229322,18,10,10,"{'classifier__l2_regularization': 0.03652160072895401, 'classifier__learning_rate': 0.16736818764229322, 'classifier__max_bins': 18, 'classifier__max_leaf_nodes': 10, 'classifier__min_samples_leaf': 10}",0.8524634911969429,0.8591318591318591,0.8564018564018564,0.8512148512148512,0.8558558558558559,0.8550135827602731,0.0028471127929807242,24
55,1.6509599208831787,0.1263086715696832,0.1302013397216797,0.005809839125350439,57.364456894398934,0.0027694279776605585,4,12,1,"{'classifier__l2_regularization': 57.364456894398934, 'classifier__learning_rate': 0.0027694279776605585, 'classifier__max_bins': 4, 'classifier__max_leaf_nodes': 12, 'classifier__min_samples_leaf': 1}",0.7589736590691961,0.758940758940759,0.758940758940759,0.758940758940759,0.758940758940759,0.7589473389664464,1.316005137486087e-05,119
56,3.3017263889312742,0.4841109150280234,0.21776084899902343,0.05242900607106937,5.288702741891105,0.001036865581028304,156,36,2,"{'classifier__l2_regularization': 5.288702741891105, 'classifier__learning_rate': 0.001036865581028304, 'classifier__max_bins': 156, 'classifier__max_leaf_nodes': 36, 'classifier__min_samples_leaf': 2}",0.7589736590691961,0.758940758940759,0.758940758940759,0.758940758940759,0.758940758940759,0.7589473389664464,1.316005137486087e-05,119
57,2.0875964164733887,0.07304040416979685,0.14023189544677733,0.01804709904946129,0.5162449522540669,0.0015575655798260191,61,19,83,"{'classifier__l2_regularization': 0.5162449522540669, 'classifier__learning_rate': 0.0015575655798260191, 'classifier__max_bins': 61, 'classifier__max_leaf_nodes': 19, 'classifier__min_samples_leaf': 83}",0.7589736590691961,0.758940758940759,0.758940758940759,0.758940758940759,0.758940758940759,0.7589473389664464,1.316005137486087e-05,119
58,1.7536123275756836,0.569484166285326,0.15067896842956544,0.024383252859511182,1.1944997112000258e-06,0.005724339736487693,24,10,3,"{'classifier__l2_regularization': 1.1944997112000258e-06, 'classifier__learning_rate': 0.005724339736487693, 'classifier__max_bins': 24, 'classifier__max_leaf_nodes': 10, 'classifier__min_samples_leaf': 3}",0.8010099631499932,0.7994812994812995,0.7987987987987988,0.7985257985257985,0.7987987987987988,0.7993229317509377,0.0009006672372275495,88
59,0.634866189956665,0.16658005857507768,0.11473045349121094,0.015929689318421383,0.05112767578415009,1.2949226180911426,14,4,50,"{'classifier__l2_regularization': 0.05112767578415009, 'classifier__learning_rate': 1.2949226180911426, 'classifier__max_bins': 14, 'classifier__max_leaf_nodes': 4, 'classifier__min_samples_leaf': 50}",0.829261635048451,0.8431613431613432,0.8413868413868414,0.8392028392028392,0.8443898443898444,0.839480500637864,0.005399753746532584,53
60,1.2391662120819091,0.08885188865633593,0.1284111976623535,0.013749597861486837,115.04852927115807,0.003600240194044447,2,5,16,"{'classifier__l2_regularization': 115.04852927115807, 'classifier__learning_rate': 0.003600240194044447, 'classifier__max_bins': 2, 'classifier__max_leaf_nodes': 5, 'classifier__min_samples_leaf': 16}",0.7589736590691961,0.758940758940759,0.758940758940759,0.758940758940759,0.758940758940759,0.7589473389664464,1.316005137486087e-05,119
61,5.015491485595703,0.48212729118830516,0.15220131874084472,0.014581756857146475,0.007663587569844733,0.06674599520317509,7,103,29,"{'classifier__l2_regularization': 0.007663587569844733, 'classifier__learning_rate': 0.06674599520317509, 'classifier__max_bins': 7, 'classifier__max_leaf_nodes': 103, 'classifier__min_samples_leaf': 29}",0.8394977480551385,0.8442533442533443,0.8439803439803439,0.8357903357903358,0.8357903357903358,0.8398624215738997,0.0037291886236834075,52
62,0.7006905555725098,0.18903289207493043,0.07095437049865723,0.002383691991214183,0.7865024559494194,0.8687682358372907,7,33,1,"{'classifier__l2_regularization': 0.7865024559494194, 'classifier__learning_rate': 0.8687682358372907, 'classifier__max_bins': 7, 'classifier__max_leaf_nodes': 33, 'classifier__min_samples_leaf': 1}",0.8347208953186843,0.8372918372918373,0.8327873327873327,0.8346983346983347,0.8314223314223315,0.8341841463037042,0.0019894191075019085,56
63,0.6774832725524902,0.10449779801512286,0.09180231094360351,0.002791238393901059,12.402649792553103,0.8964989366132429,109,2,33,"{'classifier__l2_regularization': 12.402649792553103, 'classifier__learning_rate': 0.8964989366132429, 'classifier__max_bins': 109, 'classifier__max_leaf_nodes': 2, 'classifier__min_samples_leaf': 33}",0.853964787771257,0.8565383565383565,0.8573573573573574,0.8546273546273546,0.8583128583128583,0.8561601429214367,0.0016358224654258668,18
64,2.1655499935150146,0.1401876091733059,0.16456756591796876,0.044641522397183726,0.015683310866377122,0.0035293940718507995,107,20,4,"{'classifier__l2_regularization': 0.015683310866377122, 'classifier__learning_rate': 0.0035293940718507995, 'classifier__max_bins': 107, 'classifier__max_leaf_nodes': 20, 'classifier__min_samples_leaf': 4}",0.7589736590691961,0.758940758940759,0.758940758940759,0.758940758940759,0.758940758940759,0.7589473389664464,1.316005137486087e-05,119
65,0.35057778358459474,0.0475271312562082,0.07179741859436035,0.0041232378434789925,0.0016675863163514968,2.955722879535451,38,2,2,"{'classifier__l2_regularization': 0.0016675863163514968, 'classifier__learning_rate': 2.955722879535451, 'classifier__max_bins': 38, 'classifier__max_leaf_nodes': 2, 'classifier__min_samples_leaf': 2}",0.7154360584140849,0.7201747201747202,0.7244062244062244,0.7111657111657111,0.7114387114387114,0.7165242851198903,0.005122738620217162,182
66,1.1679544925689698,0.14995988121400647,0.13783578872680663,0.04983458366557946,543.22592273046,0.32524116703268674,30,4,1,"{'classifier__l2_regularization': 543.22592273046, 'classifier__learning_rate': 0.32524116703268674, 'classifier__max_bins': 30, 'classifier__max_leaf_nodes': 4, 'classifier__min_samples_leaf': 1}",0.8480960829807561,0.858039858039858,0.8520338520338521,0.8498498498498499,0.8518973518973519,0.8519833989603336,0.0033571983415804792,34
67,0.8912339210510254,0.05913511760789761,0.1205477237701416,0.015234160092068818,0.005338659945600006,0.09803900574815085,26,3,21,"{'classifier__l2_regularization': 0.005338659945600006, 'classifier__learning_rate': 0.09803900574815085, 'classifier__max_bins': 26, 'classifier__max_leaf_nodes': 3, 'classifier__min_samples_leaf': 21}",0.845639415859151,0.8502593502593503,0.8482118482118483,0.8471198471198471,0.8465738465738466,0.8475608616048087,0.0015853246217750819,43
68,0.4882804870605469,0.23974697695407216,0.07910752296447754,0.01270098626685,35.99087325566424,1.7023117781511774,232,10,9,"{'classifier__l2_regularization': 35.99087325566424, 'classifier__learning_rate': 1.7023117781511774, 'classifier__max_bins': 232, 'classifier__max_leaf_nodes': 10, 'classifier__min_samples_leaf': 9}",0.8210727446431009,0.8352443352443353,0.828009828009828,0.8565383565383565,0.8153153153153153,0.8312361159501872,0.014306950365096917,59
69,0.9845062732696533,0.09910542411999859,0.11999907493591308,0.006100145835766068,6.829094106336273e-05,0.17417101164981977,3,3,14,"{'classifier__l2_regularization': 6.829094106336273e-05, 'classifier__learning_rate': 0.17417101164981977, 'classifier__max_bins': 3, 'classifier__max_leaf_nodes': 3, 'classifier__min_samples_leaf': 14}",0.80865292752832,0.8079443079443079,0.8087633087633087,0.8052143052143053,0.8080808080808081,0.8077311315062101,0.001297476803696721,76
70,2.915147590637207,0.42295769450326115,0.14160947799682616,0.024050298865954535,0.0008216182855489342,0.005047479760008219,2,40,1,"{'classifier__l2_regularization': 0.0008216182855489342, 'classifier__learning_rate': 0.005047479760008219, 'classifier__max_bins': 2, 'classifier__max_leaf_nodes': 40, 'classifier__min_samples_leaf': 1}",0.7589736590691961,0.758940758940759,0.758940758940759,0.758940758940759,0.758940758940759,0.7589473389664464,1.316005137486087e-05,119
71,2.1648369789123536,0.3469887123303454,0.1376803398132324,0.016864490057238234,631.1497885724815,0.003270989587743334,3,26,4,"{'classifier__l2_regularization': 631.1497885724815, 'classifier__learning_rate': 0.003270989587743334, 'classifier__max_bins': 3, 'classifier__max_leaf_nodes': 26, 'classifier__min_samples_leaf': 4}",0.7589736590691961,0.758940758940759,0.758940758940759,0.758940758940759,0.758940758940759,0.7589473389664464,1.316005137486087e-05,119
72,1.8710002422332763,0.14783178567975896,0.11039977073669434,0.007116514352811532,2.6885461035014982e-05,0.17426341025288228,248,59,7,"{'classifier__l2_regularization': 2.6885461035014982e-05, 'classifier__learning_rate': 0.17426341025288228, 'classifier__max_bins': 248, 'classifier__max_leaf_nodes': 59, 'classifier__min_samples_leaf': 7}",0.8672034939265729,0.868959868959869,0.8688233688233689,0.8656838656838657,0.868959868959869,0.8679260932707091,0.0013032438092501768,3
73,1.0414780139923097,0.10000542401725128,0.11460084915161133,0.007658683358728077,0.0006194350835527537,0.004386719102470008,105,5,1,"{'classifier__l2_regularization': 0.0006194350835527537, 'classifier__learning_rate': 0.004386719102470008, 'classifier__max_bins': 105, 'classifier__max_leaf_nodes': 5, 'classifier__min_samples_leaf': 1}",0.7589736590691961,0.758940758940759,0.758940758940759,0.758940758940759,0.758940758940759,0.7589473389664464,1.316005137486087e-05,119
74,3.3944655895233153,0.4542394151830498,0.11431221961975098,0.01744180722995977,0.0209210495842619,0.23621638417417357,90,160,15,"{'classifier__l2_regularization': 0.0209210495842619, 'classifier__learning_rate': 0.23621638417417357, 'classifier__max_bins': 90, 'classifier__max_leaf_nodes': 160, 'classifier__min_samples_leaf': 15}",0.8528729357172103,0.8607698607698607,0.8603603603603603,0.8553098553098553,0.857084357084357,0.8572794738483287,0.0030003236026036055,16
75,1.4212148666381836,0.11993233294421503,0.11522855758666992,0.009558655699461367,805.1351173300607,0.001470812438850421,3,173,81,"{'classifier__l2_regularization': 805.1351173300607, 'classifier__learning_rate': 0.001470812438850421, 'classifier__max_bins': 3, 'classifier__max_leaf_nodes': 173, 'classifier__min_samples_leaf': 81}",0.7589736590691961,0.758940758940759,0.758940758940759,0.758940758940759,0.758940758940759,0.7589473389664464,1.316005137486087e-05,119
76,0.6192368507385254,0.0889133268426481,0.09162030220031739,0.020028271811518027,0.0005741658352693517,0.5525142959282544,75,4,1,"{'classifier__l2_regularization': 0.0005741658352693517, 'classifier__learning_rate': 0.5525142959282544, 'classifier__max_bins': 75, 'classifier__max_leaf_nodes': 4, 'classifier__min_samples_leaf': 1}",0.853964787771257,0.8554463554463555,0.8569478569478569,0.8517608517608518,0.8553098553098553,0.8546859414472353,0.0017412623000423453,28
77,0.9187227725982666,0.21017233998250537,0.13428049087524413,0.03877195762589824,3.184494242261499e-06,0.015018170760698078,120,2,1,"{'classifier__l2_regularization': 3.184494242261499e-06, 'classifier__learning_rate': 0.015018170760698078, 'classifier__max_bins': 120, 'classifier__max_leaf_nodes': 2, 'classifier__min_samples_leaf': 1}",0.7943223693189573,0.7897897897897898,0.788015288015288,0.79006279006279,0.79006279006279,0.7904506054499231,0.0020812883197994536,100
78,10.962618541717529,0.4618454794385482,0.20560712814331056,0.015874852713202853,0.005567874643789897,0.0011556299974772894,140,173,5,"{'classifier__l2_regularization': 0.005567874643789897, 'classifier__learning_rate': 0.0011556299974772894, 'classifier__max_bins': 140, 'classifier__max_leaf_nodes': 173, 'classifier__min_samples_leaf': 5}",0.7589736590691961,0.758940758940759,0.758940758940759,0.758940758940759,0.758940758940759,0.7589473389664464,1.316005137486087e-05,119
79,1.7072440147399903,0.145671171464293,0.15112152099609374,0.013683209772918899,4.643464957332225,0.002186842675501987,64,16,15,"{'classifier__l2_regularization': 4.643464957332225, 'classifier__learning_rate': 0.002186842675501987, 'classifier__max_bins': 64, 'classifier__max_leaf_nodes': 16, 'classifier__min_samples_leaf': 15}",0.7589736590691961,0.758940758940759,0.758940758940759,0.758940758940759,0.758940758940759,0.7589473389664464,1.316005137486087e-05,119
80,0.33375840187072753,0.035968635771177766,0.07904419898986817,0.018941422729710833,0.061346018147206645,1.423741704783112,216,2,1,"{'classifier__l2_regularization': 0.061346018147206645, 'classifier__learning_rate': 1.423741704783112, 'classifier__max_bins': 216, 'classifier__max_leaf_nodes': 2, 'classifier__min_samples_leaf': 1}",0.6282243755971066,0.6919191919191919,0.6849576849576849,0.6882336882336882,0.6915096915096915,0.6769689264434727,0.024501798483001682,185
81,4.499897050857544,0.28151882817277324,0.1612987518310547,0.00920844011581087,7.527959924758588,0.00755263874783925,3,80,1,"{'classifier__l2_regularization': 7.527959924758588, 'classifier__learning_rate': 0.00755263874783925, 'classifier__max_bins': 3, 'classifier__max_leaf_nodes': 80, 'classifier__min_samples_leaf': 1}",0.783813293298758,0.7817362817362817,0.782964782964783,0.7817362817362817,0.7795522795522796,0.7819605838576769,0.0014381585886475764,108
82,6.530067873001099,0.8410689368984773,0.13883748054504394,0.016420084096912778,41.252301788759524,0.16940426849753903,31,250,27,"{'classifier__l2_regularization': 41.252301788759524, 'classifier__learning_rate': 0.16940426849753903, 'classifier__max_bins': 31, 'classifier__max_leaf_nodes': 250, 'classifier__min_samples_leaf': 27}",0.8538283062645011,0.8546273546273546,0.8540813540813541,0.8472563472563472,0.8538083538083538,0.8527203432075823,0.0027479317353845747,32
83,6.088379716873169,0.3469568199600509,0.1735154151916504,0.011939842682369877,1.0484325641413886e-06,0.044904605462247706,22,119,59,"{'classifier__l2_regularization': 1.0484325641413886e-06, 'classifier__learning_rate': 0.044904605462247706, 'classifier__max_bins': 22, 'classifier__max_leaf_nodes': 119, 'classifier__min_samples_leaf': 59}",0.8525999727036987,0.8528528528528528,0.8547638547638547,0.8498498498498499,0.8532623532623532,0.8526657766865219,0.0015954063328863504,33
84,0.7498428344726562,0.028299405740053605,0.10544710159301758,0.008147766187695858,212.5833175421102,0.00512406623723063,71,2,1,"{'classifier__l2_regularization': 212.5833175421102, 'classifier__learning_rate': 0.00512406623723063, 'classifier__max_bins': 71, 'classifier__max_leaf_nodes': 2, 'classifier__min_samples_leaf': 1}",0.7589736590691961,0.758940758940759,0.758940758940759,0.758940758940759,0.758940758940759,0.7589473389664464,1.316005137486087e-05,119
85,6.253039979934693,0.3522651795230464,0.15362377166748048,0.017891058934949133,0.11463899493415106,0.03850611131249724,6,115,11,"{'classifier__l2_regularization': 0.11463899493415106, 'classifier__learning_rate': 0.03850611131249724, 'classifier__max_bins': 6, 'classifier__max_leaf_nodes': 115, 'classifier__min_samples_leaf': 11}",0.8254401528592875,0.8331968331968332,0.8321048321048321,0.831968331968332,0.8292383292383292,0.8303896958735228,0.002797764298224894,60
86,1.0441467761993408,0.09014988458415472,0.1239497184753418,0.008369047310065615,238.36925943999387,0.07450874244063195,80,5,1,"{'classifier__l2_regularization': 238.36925943999387, 'classifier__learning_rate': 0.07450874244063195, 'classifier__max_bins': 80, 'classifier__max_leaf_nodes': 5, 'classifier__min_samples_leaf': 1}",0.847277193940221,0.8542178542178542,0.8524433524433525,0.844935844935845,0.8484848484848485,0.8494718188044242,0.0033976583688049046,41
87,3.5402137279510497,0.05506704589949636,0.15360627174377442,0.016529810117296647,5.918395387040795e-06,0.04356317798028627,8,58,38,"{'classifier__l2_regularization': 5.918395387040795e-06, 'classifier__learning_rate': 0.04356317798028627, 'classifier__max_bins': 8, 'classifier__max_leaf_nodes': 58, 'classifier__min_samples_leaf': 38}",0.8411355261362086,0.8487578487578488,0.8465738465738466,0.8426153426153427,0.842069342069342,0.8442303812305176,0.002927331893237713,48
88,6.40824408531189,0.2143600392963973,0.15503482818603515,0.009105699201167985,0.07033434352515315,0.0035932369683947833,7,132,68,"{'classifier__l2_regularization': 0.07033434352515315, 'classifier__learning_rate': 0.0035932369683947833, 'classifier__max_bins': 7, 'classifier__max_leaf_nodes': 132, 'classifier__min_samples_leaf': 68}",0.7589736590691961,0.758940758940759,0.758940758940759,0.758940758940759,0.758940758940759,0.7589473389664464,1.316005137486087e-05,119
89,3.720315456390381,0.5708733437007895,0.15344634056091308,0.00866350485239034,0.02338170817320062,0.028242832295958628,5,54,2,"{'classifier__l2_regularization': 0.02338170817320062, 'classifier__learning_rate': 0.028242832295958628, 'classifier__max_bins': 5, 'classifier__max_leaf_nodes': 54, 'classifier__min_samples_leaf': 2}",0.8255766343660434,0.8289653289653289,0.8334698334698335,0.8245973245973246,0.8299208299208299,0.8285059902638722,0.00318469138033551,62
90,5.719912719726563,0.39470729679940925,0.17136168479919434,0.01563662027058855,137.53707727473017,0.033322663307511644,15,106,1,"{'classifier__l2_regularization': 137.53707727473017, 'classifier__learning_rate': 0.033322663307511644, 'classifier__max_bins': 15, 'classifier__max_leaf_nodes': 106, 'classifier__min_samples_leaf': 1}",0.8416814521632319,0.8486213486213486,0.8471198471198471,0.840977340977341,0.8475293475293475,0.8451858672822231,0.00319459946464583,45
91,0.473436164855957,0.04846257414763506,0.07159852981567383,0.004881625948659432,0.00018306010207970845,2.251061314691952,23,26,8,"{'classifier__l2_regularization': 0.00018306010207970845, 'classifier__learning_rate': 2.251061314691952, 'classifier__max_bins': 23, 'classifier__max_leaf_nodes': 26, 'classifier__min_samples_leaf': 8}",0.8090623720485874,0.6958776958776959,0.6317226317226318,0.7461097461097461,0.7523887523887524,0.7270322396294827,0.05964959945087816,179
92,0.3061226367950439,0.018559120947240198,0.06421122550964356,0.0023126375236577597,13.773018766527155,6.029018888311162,7,3,2,"{'classifier__l2_regularization': 13.773018766527155, 'classifier__learning_rate': 6.029018888311162, 'classifier__max_bins': 7, 'classifier__max_leaf_nodes': 3, 'classifier__min_samples_leaf': 2}",0.2840180155588918,0.28119028119028117,0.2802347802347802,0.2921102921102921,0.2915642915642916,0.28582353213170736,0.005068347305335041,199
93,2.2341087818145753,0.277700587488482,0.1329986572265625,0.018461167517521616,0.006006008280245436,0.11240774307560877,23,41,85,"{'classifier__l2_regularization': 0.006006008280245436, 'classifier__learning_rate': 0.11240774307560877, 'classifier__max_bins': 23, 'classifier__max_leaf_nodes': 41, 'classifier__min_samples_leaf': 85}",0.8524634911969429,0.8549003549003549,0.8583128583128583,0.8523068523068523,0.8569478569478569,0.854986282732973,0.0023860044687423216,26
94,4.216207790374756,0.15092870355183668,0.16579914093017578,0.015520919096819354,3.0125213587672666,0.0043040812857991755,39,71,26,"{'classifier__l2_regularization': 3.0125213587672666, 'classifier__learning_rate': 0.0043040812857991755, 'classifier__max_bins': 39, 'classifier__max_leaf_nodes': 71, 'classifier__min_samples_leaf': 26}",0.7589736590691961,0.758940758940759,0.758940758940759,0.758940758940759,0.758940758940759,0.7589473389664464,1.316005137486087e-05,119
95,4.3361320972442625,0.374940384749176,0.1675025463104248,0.026284649449180433,28.195016188777412,0.08528335829227073,4,89,87,"{'classifier__l2_regularization': 28.195016188777412, 'classifier__learning_rate': 0.08528335829227073, 'classifier__max_bins': 4, 'classifier__max_leaf_nodes': 89, 'classifier__min_samples_leaf': 87}",0.8135662617715299,0.8155883155883156,0.8164073164073165,0.8136773136773137,0.8151788151788152,0.8148836045246582,0.0011041733969381516,68
96,0.34912915229797364,0.015022620855570015,0.07950043678283691,0.012113462227306115,547.5330203894949,6.237660800784985,4,6,32,"{'classifier__l2_regularization': 547.5330203894949, 'classifier__learning_rate': 6.237660800784985, 'classifier__max_bins': 4, 'classifier__max_leaf_nodes': 6, 'classifier__min_samples_leaf': 32}",0.3634502524907875,0.6277641277641277,0.6197106197106197,0.7493857493857494,0.6621621621621622,0.6044945823026893,0.12899175829516418,191
97,0.669715166091919,0.036479206720177335,0.07400212287902833,0.0016731458387516302,0.6792482362426621,2.582081079006147,47,58,30,"{'classifier__l2_regularization': 0.6792482362426621, 'classifier__learning_rate': 2.582081079006147, 'classifier__max_bins': 47, 'classifier__max_leaf_nodes': 58, 'classifier__min_samples_leaf': 30}",0.7204858741640507,0.7231777231777232,0.7563472563472563,0.7237237237237237,0.758940758940759,0.7365350672707026,0.017289671016478693,177
98,6.5855607986450195,0.3689145127179885,0.1963193893432617,0.025156303843156723,0.0491033324353334,0.005130717058970963,12,114,4,"{'classifier__l2_regularization': 0.0491033324353334, 'classifier__learning_rate': 0.005130717058970963, 'classifier__max_bins': 12, 'classifier__max_leaf_nodes': 114, 'classifier__min_samples_leaf': 4}",0.7753514398798963,0.7712257712257712,0.7779142779142779,0.7706797706797707,0.7702702702702703,0.7730883059939972,0.0030207013564326687,114
99,1.6378262519836426,0.10434421277902585,0.07911467552185059,0.003121420228128417,0.15879452554838477,2.3848586334519695,89,240,1,"{'classifier__l2_regularization': 0.15879452554838477, 'classifier__learning_rate': 2.3848586334519695, 'classifier__max_bins': 89, 'classifier__max_leaf_nodes': 240, 'classifier__min_samples_leaf': 1}",0.7844957008325372,0.7865137865137866,0.7618072618072618,0.7776412776412777,0.7583947583947583,0.7737705570379243,0.011592555383262216,113
100,0.7423999786376954,0.041366542717836394,0.07802162170410157,0.004744930323744568,0.0001635475109654884,0.6816470913872755,32,46,63,"{'classifier__l2_regularization': 0.0001635475109654884, 'classifier__learning_rate': 0.6816470913872755, 'classifier__max_bins': 32, 'classifier__max_leaf_nodes': 46, 'classifier__min_samples_leaf': 63}",0.8490514535280469,0.8523068523068523,0.8532623532623532,0.8472563472563472,0.8524433524433525,0.8508640717593904,0.0023077590124092533,36
101,3.5935476779937745,0.13086844430272987,0.14419975280761718,0.008773757957256269,0.0026428254603677015,0.0010483091997991968,12,58,3,"{'classifier__l2_regularization': 0.0026428254603677015, 'classifier__learning_rate': 0.0010483091997991968, 'classifier__max_bins': 12, 'classifier__max_leaf_nodes': 58, 'classifier__min_samples_leaf': 3}",0.7589736590691961,0.758940758940759,0.758940758940759,0.758940758940759,0.758940758940759,0.7589473389664464,1.316005137486087e-05,119
102,7.890651845932007,0.33639507424165827,0.1639986515045166,0.011677880289661656,4.280518224647286,0.001470686030158988,52,174,32,"{'classifier__l2_regularization': 4.280518224647286, 'classifier__learning_rate': 0.001470686030158988, 'classifier__max_bins': 52, 'classifier__max_leaf_nodes': 174, 'classifier__min_samples_leaf': 32}",0.7589736590691961,0.758940758940759,0.758940758940759,0.758940758940759,0.758940758940759,0.7589473389664464,1.316005137486087e-05,119
103,1.002650260925293,0.08195520469645655,0.12791590690612792,0.012914364283181295,0.02952313341003387,0.007756823360964895,4,4,13,"{'classifier__l2_regularization': 0.02952313341003387, 'classifier__learning_rate': 0.007756823360964895, 'classifier__max_bins': 4, 'classifier__max_leaf_nodes': 4, 'classifier__min_samples_leaf': 13}",0.7589736590691961,0.758940758940759,0.758940758940759,0.758940758940759,0.758940758940759,0.7589473389664464,1.316005137486087e-05,119
104,0.7089996337890625,0.04192498644739022,0.07301855087280273,0.006304019997262634,5.331041387436612e-05,1.2681863340786481,9,85,1,"{'classifier__l2_regularization': 5.331041387436612e-05, 'classifier__learning_rate': 1.2681863340786481, 'classifier__max_bins': 9, 'classifier__max_leaf_nodes': 85, 'classifier__min_samples_leaf': 1}",0.8276238569673809,0.8061698061698062,0.8260988260988261,0.8176358176358176,0.8196833196833196,0.8194423253110301,0.007625323279757165,64
105,4.417422246932984,0.37048469418968377,0.17743778228759766,0.023897011259640128,2.2712119681786627,0.10176949975718833,197,106,81,"{'classifier__l2_regularization': 2.2712119681786627, 'classifier__learning_rate': 0.10176949975718833, 'classifier__max_bins': 197, 'classifier__max_leaf_nodes': 106, 'classifier__min_samples_leaf': 81}",0.8644738637914563,0.8667758667758668,0.8708708708708709,0.8632268632268633,0.8693693693693694,0.8669433668068853,0.002872270073294759,5
106,11.972730588912963,0.339423567353792,0.17551498413085936,0.01738885695614004,1.2564404397824525,0.010489840390942043,127,225,3,"{'classifier__l2_regularization': 1.2564404397824525, 'classifier__learning_rate': 0.010489840390942043, 'classifier__max_bins': 127, 'classifier__max_leaf_nodes': 225, 'classifier__min_samples_leaf': 3}",0.8550566398253037,0.8525798525798526,0.8565383565383565,0.8549003549003549,0.8577668577668578,0.8553684123221451,0.0017443425865651396,22
107,1.0078736782073974,0.058471371379756665,0.1218099594116211,0.01786788759525746,0.0003456913605908866,0.02401868898076536,2,4,25,"{'classifier__l2_regularization': 0.0003456913605908866, 'classifier__learning_rate': 0.02401868898076536, 'classifier__max_bins': 2, 'classifier__max_leaf_nodes': 4, 'classifier__min_samples_leaf': 25}",0.7950047768527364,0.7934752934752934,0.7895167895167895,0.788970788970789,0.7925197925197925,0.7918974882670802,0.0023136667661141377,97
108,2.0057518005371096,0.07282391223504375,0.15458998680114747,0.0097142175776068,0.004990255265456425,0.0013034391547448547,223,21,1,"{'classifier__l2_regularization': 0.004990255265456425, 'classifier__learning_rate': 0.0013034391547448547, 'classifier__max_bins': 223, 'classifier__max_leaf_nodes': 21, 'classifier__min_samples_leaf': 1}",0.7589736590691961,0.758940758940759,0.758940758940759,0.758940758940759,0.758940758940759,0.7589473389664464,1.316005137486087e-05,119
109,0.3378907680511475,0.03593907565000285,0.07215080261230469,0.008340251137153537,0.000126224146936704,3.334124332878725,130,2,70,"{'classifier__l2_regularization': 0.000126224146936704, 'classifier__learning_rate': 3.334124332878725, 'classifier__max_bins': 130, 'classifier__max_leaf_nodes': 2, 'classifier__min_samples_leaf': 70}",0.6018834447932305,0.6123396123396123,0.6068796068796068,0.5910455910455911,0.5955500955500955,0.6015396701216272,0.007632464303459448,192
110,1.355637550354004,0.10126694196797645,0.14239988327026368,0.006857118215021886,0.0011370972690824266,0.09376451148452031,8,9,4,"{'classifier__l2_regularization': 0.0011370972690824266, 'classifier__learning_rate': 0.09376451148452031, 'classifier__max_bins': 8, 'classifier__max_leaf_nodes': 9, 'classifier__min_samples_leaf': 4}",0.8412720076429644,0.8498498498498499,0.8471198471198471,0.8435708435708436,0.8432978432978433,0.8450220782962697,0.0030610491885493924,46
111,0.5034599781036377,0.02626389965931199,0.0699049949645996,0.004177390730312049,0.007532733828693972,5.002530511050781,3,85,1,"{'classifier__l2_regularization': 0.007532733828693972, 'classifier__learning_rate': 5.002530511050781, 'classifier__max_bins': 3, 'classifier__max_leaf_nodes': 85, 'classifier__min_samples_leaf': 1}",0.648560120103726,0.7257712257712258,0.6827736827736828,0.6186186186186187,0.704067704067704,0.6759582702669914,0.03835730682888312,186
112,0.9894449234008789,0.10311137352050848,0.12321209907531738,0.012557586442792177,1.092083035076195e-05,0.006308821861581718,4,2,1,"{'classifier__l2_regularization': 1.092083035076195e-05, 'classifier__learning_rate': 0.006308821861581718, 'classifier__max_bins': 4, 'classifier__max_leaf_nodes': 2, 'classifier__min_samples_leaf': 1}",0.7589736590691961,0.758940758940759,0.758940758940759,0.758940758940759,0.758940758940759,0.7589473389664464,1.316005137486087e-05,119
113,1.12350172996521,0.08719043306175003,0.1348088264465332,0.011665609727758037,709.6363571804578,0.002142497208394326,196,4,1,"{'classifier__l2_regularization': 709.6363571804578, 'classifier__learning_rate': 0.002142497208394326, 'classifier__max_bins': 196, 'classifier__max_leaf_nodes': 4, 'classifier__min_samples_leaf': 1}",0.7589736590691961,0.758940758940759,0.758940758940759,0.758940758940759,0.758940758940759,0.7589473389664464,1.316005137486087e-05,119
114,0.3552649974822998,0.014864615566286571,0.07602419853210449,0.009057939820009157,0.001959139392329153,7.961619382845363,17,13,2,"{'classifier__l2_regularization': 0.001959139392329153, 'classifier__learning_rate': 7.961619382845363, 'classifier__max_bins': 17, 'classifier__max_leaf_nodes': 13, 'classifier__min_samples_leaf': 2}",0.4303261908011464,0.44976794976794976,0.44785694785694785,0.2852852852852853,0.29620529620529623,0.3818883339833251,0.07480569257644251,198
115,10.604046297073364,0.2237812182496921,0.2993354797363281,0.2498806054760356,0.1623619012246235,0.0011003579860776826,63,201,10,"{'classifier__l2_regularization': 0.1623619012246235, 'classifier__learning_rate': 0.0011003579860776826, 'classifier__max_bins': 63, 'classifier__max_leaf_nodes': 201, 'classifier__min_samples_leaf': 10}",0.7589736590691961,0.758940758940759,0.758940758940759,0.758940758940759,0.758940758940759,0.7589473389664464,1.316005137486087e-05,119
116,0.8059576034545899,0.020414516622533744,0.10725841522216797,0.00841903558725884,0.009301996315784539,0.03074091317871306,74,2,34,"{'classifier__l2_regularization': 0.009301996315784539, 'classifier__learning_rate': 0.03074091317871306, 'classifier__max_bins': 74, 'classifier__max_leaf_nodes': 2, 'classifier__min_samples_leaf': 34}",0.7996451480824348,0.7937482937482937,0.7917007917007917,0.7937482937482937,0.7933387933387933,0.7944362641237214,0.0027116906191766753,94
117,0.7785604476928711,0.030188421802205215,0.10279989242553711,0.003710307555086929,1.4291984602410632e-06,0.0043665240728285905,33,2,38,"{'classifier__l2_regularization': 1.4291984602410632e-06, 'classifier__learning_rate': 0.0043665240728285905, 'classifier__max_bins': 33, 'classifier__max_leaf_nodes': 2, 'classifier__min_samples_leaf': 38}",0.7589736590691961,0.758940758940759,0.758940758940759,0.758940758940759,0.758940758940759,0.7589473389664464,1.316005137486087e-05,119
118,2.0684749603271486,0.11030386102856773,0.15327162742614747,0.024025455525953542,200.7371099069719,0.009059973031345212,43,25,10,"{'classifier__l2_regularization': 200.7371099069719, 'classifier__learning_rate': 0.009059973031345212, 'classifier__max_bins': 43, 'classifier__max_leaf_nodes': 25, 'classifier__min_samples_leaf': 10}",0.7589736590691961,0.758940758940759,0.758940758940759,0.758940758940759,0.758940758940759,0.7589473389664464,1.316005137486087e-05,119
119,0.7913371086120605,0.0064156682767597005,0.10099825859069825,0.0034030695597447517,42.94932887541472,0.2832167822314165,75,2,55,"{'classifier__l2_regularization': 42.94932887541472, 'classifier__learning_rate': 0.2832167822314165, 'classifier__max_bins': 75, 'classifier__max_leaf_nodes': 2, 'classifier__min_samples_leaf': 55}",0.8460488603794186,0.8503958503958504,0.8532623532623532,0.8473928473928474,0.8480753480753481,0.8490350519011635,0.002539962843287994,42
120,0.8830164432525635,0.10206019357930587,0.08219747543334961,0.012540708308780084,1.793695091404648e-05,3.437626513323042,19,170,12,"{'classifier__l2_regularization': 1.793695091404648e-05, 'classifier__learning_rate': 3.437626513323042, 'classifier__max_bins': 19, 'classifier__max_leaf_nodes': 170, 'classifier__min_samples_leaf': 12}",0.4679950866657568,0.7428337428337428,0.7533442533442534,0.7417417417417418,0.6572481572481572,0.6726325963667305,0.10801096042107382,187
121,0.33701095581054685,0.006918042880509647,0.07780094146728515,0.006969635194162346,0.17937744241140702,3.2448402795034283,8,2,28,"{'classifier__l2_regularization': 0.17937744241140702, 'classifier__learning_rate': 3.2448402795034283, 'classifier__max_bins': 8, 'classifier__max_leaf_nodes': 2, 'classifier__min_samples_leaf': 28}",0.6018834447932305,0.6123396123396123,0.6068796068796068,0.5910455910455911,0.5955500955500955,0.6015396701216272,0.007632464303459448,192
122,0.9250792503356934,0.057862717587290786,0.11639971733093261,0.0056089312285007905,0.045903086900893196,0.020717835722577852,10,3,9,"{'classifier__l2_regularization': 0.045903086900893196, 'classifier__learning_rate': 0.020717835722577852, 'classifier__max_bins': 10, 'classifier__max_leaf_nodes': 3, 'classifier__min_samples_leaf': 9}",0.7902279241162823,0.7871962871962872,0.7836472836472836,0.7855582855582856,0.7856947856947857,0.7864649132425848,0.0021931377261747006,104
123,1.003533411026001,0.18037595705412246,0.11239981651306152,0.006342155459853896,0.00030932953809432334,0.25316951112822245,3,6,19,"{'classifier__l2_regularization': 0.00030932953809432334, 'classifier__learning_rate': 0.25316951112822245, 'classifier__max_bins': 3, 'classifier__max_leaf_nodes': 6, 'classifier__min_samples_leaf': 19}",0.8105636686229016,0.8104013104013104,0.8091728091728092,0.8073983073983074,0.8086268086268086,0.8092325808444274,0.0011724176012533265,72
124,1.5209850788116455,0.09003545778444924,0.13097634315490722,0.00944131284461607,0.0004500117065415349,0.13267701149417813,57,14,29,"{'classifier__l2_regularization': 0.0004500117065415349, 'classifier__learning_rate': 0.13267701149417813, 'classifier__max_bins': 57, 'classifier__max_leaf_nodes': 14, 'classifier__min_samples_leaf': 29}",0.855602565852327,0.8614523614523615,0.8583128583128583,0.8558558558558559,0.8595413595413596,0.8581530002029526,0.0022190298984103383,13
125,0.4567400455474854,0.007165248137004612,0.07731499671936035,0.008360782821215086,74.82677552983793,3.553752710735596,103,28,1,"{'classifier__l2_regularization': 74.82677552983793, 'classifier__learning_rate': 3.553752710735596, 'classifier__max_bins': 103, 'classifier__max_leaf_nodes': 28, 'classifier__min_samples_leaf': 1}",0.8126108912242391,0.7433797433797433,0.8005733005733006,0.7736827736827737,0.8033033033033034,0.7867100024326721,0.025241254912576994,103
126,1.8274242401123046,0.1180932735944644,0.15212583541870117,0.01702407577789916,475.76638800765386,0.0028377315787633454,58,142,90,"{'classifier__l2_regularization': 475.76638800765386, 'classifier__learning_rate': 0.0028377315787633454, 'classifier__max_bins': 58, 'classifier__max_leaf_nodes': 142, 'classifier__min_samples_leaf': 90}",0.7589736590691961,0.758940758940759,0.758940758940759,0.758940758940759,0.758940758940759,0.7589473389664464,1.316005137486087e-05,119
127,2.112809658050537,0.062629677428802,0.13810572624206544,0.003356204826187952,0.03456903031319553,0.008259952140014364,197,23,4,"{'classifier__l2_regularization': 0.03456903031319553, 'classifier__learning_rate': 0.008259952140014364, 'classifier__max_bins': 197, 'classifier__max_leaf_nodes': 23, 'classifier__min_samples_leaf': 4}",0.8296710795687184,0.8243243243243243,0.8300573300573301,0.8265083265083265,0.8301938301938302,0.828150978130506,0.002343489462668982,63
128,6.717157459259033,0.31058776612654054,0.17088475227355956,0.008911912357400822,0.04630462422303485,0.005266683458154062,3,126,12,"{'classifier__l2_regularization': 0.04630462422303485, 'classifier__learning_rate': 0.005266683458154062, 'classifier__max_bins': 3, 'classifier__max_leaf_nodes': 126, 'classifier__min_samples_leaf': 12}",0.7683908830353487,0.7738192738192738,0.758940758940759,0.767949767949768,0.7698607698607699,0.7677922907211838,0.004885403932358852,116
129,0.9664839744567871,0.08833073597620268,0.10892066955566407,0.01688784950139504,57.301915152307764,0.01904805204732086,3,4,23,"{'classifier__l2_regularization': 57.301915152307764, 'classifier__learning_rate': 0.01904805204732086, 'classifier__max_bins': 3, 'classifier__max_leaf_nodes': 4, 'classifier__min_samples_leaf': 23}",0.7967790364405622,0.7915642915642915,0.7893802893802894,0.7896532896532896,0.7912912912912913,0.7917336396659448,0.0026663268074098205,98
130,0.3861281394958496,0.0471286478457516,0.06779966354370118,0.003598470734889378,0.00018278447551792356,1.7355528523732224,6,4,1,"{'classifier__l2_regularization': 0.00018278447551792356, 'classifier__learning_rate': 1.7355528523732224, 'classifier__max_bins': 6, 'classifier__max_leaf_nodes': 4, 'classifier__min_samples_leaf': 1}",0.8124744097174833,0.8127218127218128,0.8015288015288016,0.8008463008463008,0.8073983073983074,0.8069939264425413,0.00511211879570304,78
131,0.7679553031921387,0.20219931564127425,0.11881399154663086,0.04252582611045705,0.0010659444762510237,0.4804163591913352,71,5,1,"{'classifier__l2_regularization': 0.0010659444762510237, 'classifier__learning_rate': 0.4804163591913352, 'classifier__max_bins': 71, 'classifier__max_leaf_nodes': 5, 'classifier__min_samples_leaf': 1}",0.8527364542104545,0.8591318591318591,0.852989352989353,0.8546273546273546,0.8572208572208572,0.8553411756359756,0.0024790186818412882,23
132,1.6374218940734864,0.14678843406372172,0.07792649269104004,0.008980498329336763,2.1946455566492795,0.7387323231076324,8,171,3,"{'classifier__l2_regularization': 2.1946455566492795, 'classifier__learning_rate': 0.7387323231076324, 'classifier__max_bins': 8, 'classifier__max_leaf_nodes': 171, 'classifier__min_samples_leaf': 3}",0.8330831172376143,0.8383838383838383,0.8344253344253344,0.8300573300573301,0.8331968331968332,0.8338292906601901,0.0026938313661400287,57
133,0.8861970424652099,0.05549723868616235,0.07810163497924805,0.008100153948852093,0.7726042100098098,2.3000791190538705,17,112,24,"{'classifier__l2_regularization': 0.7726042100098098, 'classifier__learning_rate': 2.3000791190538705, 'classifier__max_bins': 17, 'classifier__max_leaf_nodes': 112, 'classifier__min_samples_leaf': 24}",0.7716664391974888,0.7768222768222768,0.79006279006279,0.7790062790062791,0.6711711711711712,0.7577457912520011,0.043701849697150165,171
134,9.783057641983032,0.31977545699679355,0.2085282325744629,0.01922933117020401,0.002827674555105364,0.029298587425029377,96,235,75,"{'classifier__l2_regularization': 0.002827674555105364, 'classifier__learning_rate': 0.029298587425029377, 'classifier__max_bins': 96, 'classifier__max_leaf_nodes': 235, 'classifier__min_samples_leaf': 75}",0.8553296028388153,0.8632268632268633,0.8644553644553644,0.8558558558558559,0.8600873600873601,0.8597910092928519,0.003715876888492001,10
135,0.6538005352020264,0.0278799628267416,0.07619824409484863,0.006855240642129531,2.449414165080217,1.92769935499043,12,69,79,"{'classifier__l2_regularization': 2.449414165080217, 'classifier__learning_rate': 1.92769935499043, 'classifier__max_bins': 12, 'classifier__max_leaf_nodes': 69, 'classifier__min_samples_leaf': 79}",0.7948682953459806,0.7807807807807807,0.7897897897897898,0.7738192738192738,0.776003276003276,0.7830522831478202,0.00806360745579773,107
136,0.8181894302368165,0.1142933667304628,0.09511585235595703,0.006664063026040557,3.739196106683825e-06,0.31752684079840476,2,7,82,"{'classifier__l2_regularization': 3.739196106683825e-06, 'classifier__learning_rate': 0.31752684079840476, 'classifier__max_bins': 2, 'classifier__max_leaf_nodes': 7, 'classifier__min_samples_leaf': 82}",0.8066057049269824,0.8018018018018018,0.8020748020748021,0.797979797979798,0.8050778050778051,0.8027079823722378,0.0029794666950242812,83
137,11.856892728805542,1.0470964461032353,0.18671789169311523,0.015652095746950357,0.001407199785129507,0.001150564381814066,215,212,7,"{'classifier__l2_regularization': 0.001407199785129507, 'classifier__learning_rate': 0.001150564381814066, 'classifier__max_bins': 215, 'classifier__max_leaf_nodes': 212, 'classifier__min_samples_leaf': 7}",0.7589736590691961,0.758940758940759,0.758940758940759,0.758940758940759,0.758940758940759,0.7589473389664464,1.316005137486087e-05,119
138,2.296282243728638,0.29857274528923006,0.10500335693359375,0.01671059072350434,0.0008819102378908099,0.18935338146131983,14,112,35,"{'classifier__l2_regularization': 0.0008819102378908099, 'classifier__learning_rate': 0.18935338146131983, 'classifier__max_bins': 14, 'classifier__max_leaf_nodes': 112, 'classifier__min_samples_leaf': 35}",0.8459123788726628,0.8457548457548457,0.8434343434343434,0.8426153426153427,0.8464373464373465,0.8448308514229081,0.001514133892359992,47
139,0.514519214630127,0.04906902216956959,0.09020919799804687,0.013742944737178742,0.10765005758191448,5.346911229615812,129,45,1,"{'classifier__l2_regularization': 0.10765005758191448, 'classifier__learning_rate': 5.346911229615812, 'classifier__max_bins': 129, 'classifier__max_leaf_nodes': 45, 'classifier__min_samples_leaf': 1}",0.7873618124744097,0.6369096369096369,0.7705432705432705,0.7343707343707344,0.7585312585312586,0.737543342565862,0.05319506737278772,176
140,0.4188173770904541,0.004750978468925543,0.08220052719116211,0.00503430238947919,0.028757299343757193,1.301448953424827,34,15,8,"{'classifier__l2_regularization': 0.028757299343757193, 'classifier__learning_rate': 1.301448953424827, 'classifier__max_bins': 34, 'classifier__max_leaf_nodes': 15, 'classifier__min_samples_leaf': 8}",0.838269414494336,0.8426153426153427,0.8407043407043407,0.84002184002184,0.8381108381108381,0.8399443551893395,0.0016664313319834962,51
141,0.3258024215698242,0.01730957623289952,0.07139496803283692,0.00747875534056887,1.045717086032698e-06,6.182350930275339,13,2,1,"{'classifier__l2_regularization': 1.045717086032698e-06, 'classifier__learning_rate': 6.182350930275339, 'classifier__max_bins': 13, 'classifier__max_leaf_nodes': 2, 'classifier__min_samples_leaf': 1}",0.2845639415859151,0.2798252798252798,0.27559377559377557,0.28883428883428885,0.28856128856128854,0.2834757148801096,0.005122738620217165,200
142,0.5977253913879395,0.01564329748102792,0.0784609317779541,0.006033475649564186,2.9402434903390042e-05,2.4612855787576025,2,76,30,"{'classifier__l2_regularization': 2.9402434903390042e-05, 'classifier__learning_rate': 2.4612855787576025, 'classifier__max_bins': 2, 'classifier__max_leaf_nodes': 76, 'classifier__min_samples_leaf': 30}",0.6200354851917566,0.7043407043407044,0.7544362544362544,0.605924105924106,0.7522522522522522,0.6873977604290147,0.06350269386463715,184
143,0.7648634433746337,0.06293340277991408,0.07319793701171876,0.004355848699297865,0.151649722821775,7.177773306727121,6,254,1,"{'classifier__l2_regularization': 0.151649722821775, 'classifier__learning_rate': 7.177773306727121, 'classifier__max_bins': 6, 'classifier__max_leaf_nodes': 254, 'classifier__min_samples_leaf': 1}",0.7238979118329466,0.7343707343707344,0.7443352443352443,0.752934752934753,0.7518427518427518,0.7414762790632861,0.011012918084134465,174
144,0.994002103805542,0.04580746135329525,0.11900196075439454,0.007484697379036821,2.6472444047090615,0.019851384342235875,92,4,51,"{'classifier__l2_regularization': 2.6472444047090615, 'classifier__learning_rate': 0.019851384342235875, 'classifier__max_bins': 92, 'classifier__max_leaf_nodes': 4, 'classifier__min_samples_leaf': 51}",0.817660706974205,0.8125853125853126,0.8153153153153153,0.8132678132678133,0.814086814086814,0.8145831924458922,0.0017874695724796473,69
145,0.826929235458374,0.06573321500859057,0.10219845771789551,0.0037105985076079312,0.4809076338702436,0.0012979770757676923,33,2,5,"{'classifier__l2_regularization': 0.4809076338702436, 'classifier__learning_rate': 0.0012979770757676923, 'classifier__max_bins': 33, 'classifier__max_leaf_nodes': 2, 'classifier__min_samples_leaf': 5}",0.7589736590691961,0.758940758940759,0.758940758940759,0.758940758940759,0.758940758940759,0.7589473389664464,1.316005137486087e-05,119
146,0.7676651477813721,0.0077198474919099955,0.10520048141479492,0.0035440080977884106,0.0025978037471282764,0.017933747208306646,2,2,2,"{'classifier__l2_regularization': 0.0025978037471282764, 'classifier__learning_rate': 0.017933747208306646, 'classifier__max_bins': 2, 'classifier__max_leaf_nodes': 2, 'classifier__min_samples_leaf': 2}",0.7589736590691961,0.758940758940759,0.758940758940759,0.758940758940759,0.758940758940759,0.7589473389664464,1.316005137486087e-05,119
147,3.810013008117676,0.2853951163472026,0.1583986759185791,0.00906786908171469,0.001593828851281321,0.01944830458662164,146,60,7,"{'classifier__l2_regularization': 0.001593828851281321, 'classifier__learning_rate': 0.01944830458662164, 'classifier__max_bins': 146, 'classifier__max_leaf_nodes': 60, 'classifier__min_samples_leaf': 7}",0.8633820117374096,0.8678678678678678,0.8688233688233689,0.8630903630903631,0.8660933660933661,0.8658513955224751,0.002309913078332386,6
148,1.8291418075561523,0.22107694398359315,0.13639912605285645,0.009811492378098634,933.3695848222726,0.0016082351892032234,2,175,39,"{'classifier__l2_regularization': 933.3695848222726, 'classifier__learning_rate': 0.0016082351892032234, 'classifier__max_bins': 2, 'classifier__max_leaf_nodes': 175, 'classifier__min_samples_leaf': 39}",0.7589736590691961,0.758940758940759,0.758940758940759,0.758940758940759,0.758940758940759,0.7589473389664464,1.316005137486087e-05,119
149,0.49168667793273924,0.018762141671438973,0.07732086181640625,0.005887488301184873,0.0004200845263792381,2.849942568481425,28,38,14,"{'classifier__l2_regularization': 0.0004200845263792381, 'classifier__learning_rate': 2.849942568481425, 'classifier__max_bins': 28, 'classifier__max_leaf_nodes': 38, 'classifier__min_samples_leaf': 14}",0.6672580865292753,0.7156702156702157,0.5935025935025935,0.5522795522795523,0.432022932022932,0.5921466760009138,0.09811282107411408,194
150,7.095873260498047,0.26492340639089207,0.17419795989990233,0.01510683128323367,2.27147335654475,0.012207172751383681,73,133,15,"{'classifier__l2_regularization': 2.27147335654475, 'classifier__learning_rate': 0.012207172751383681, 'classifier__max_bins': 73, 'classifier__max_leaf_nodes': 133, 'classifier__min_samples_leaf': 15}",0.8502797870888494,0.8437073437073437,0.8473928473928474,0.8450723450723451,0.8480753480753481,0.8469055342673467,0.0023056680599712665,44
151,0.31814751625061033,0.026259419440790053,0.07240843772888184,0.007718366212243692,401.28722973896066,6.144870915398298,8,2,13,"{'classifier__l2_regularization': 401.28722973896066, 'classifier__learning_rate': 6.144870915398298, 'classifier__max_bins': 8, 'classifier__max_leaf_nodes': 2, 'classifier__min_samples_leaf': 13}",0.6454210454483418,0.6511056511056511,0.6414141414141414,0.6388206388206388,0.6430521430521431,0.6439627239681832,0.004169258445687598,189
152,0.5733232498168945,0.08863966590993419,0.0835996150970459,0.004630820603491614,3.831079059466469e-05,0.6642369639691161,113,6,1,"{'classifier__l2_regularization': 3.831079059466469e-05, 'classifier__learning_rate': 0.6642369639691161, 'classifier__max_bins': 113, 'classifier__max_leaf_nodes': 6, 'classifier__min_samples_leaf': 1}",0.8568308994131295,0.8645918645918645,0.8606333606333606,0.8587223587223587,0.8603603603603603,0.8602277687442147,0.0025703073151302097,9
153,2.392888641357422,0.09712737176362829,0.158615779876709,0.03544563901484064,25.095092208694236,0.028162047845378377,199,24,1,"{'classifier__l2_regularization': 25.095092208694236, 'classifier__learning_rate': 0.028162047845378377, 'classifier__max_bins': 199, 'classifier__max_leaf_nodes': 24, 'classifier__min_samples_leaf': 1}",0.8561484918793504,0.8633633633633634,0.8632268632268633,0.8600873600873601,0.8618618618618619,0.8609375880837599,0.0026697482467755223,8
154,2.2527914524078367,0.1339449892446616,0.12843384742736816,0.009592707471395437,436.04612612988814,0.006457256911888245,3,121,31,"{'classifier__l2_regularization': 436.04612612988814, 'classifier__learning_rate': 0.006457256911888245, 'classifier__max_bins': 3, 'classifier__max_leaf_nodes': 121, 'classifier__min_samples_leaf': 31}",0.7589736590691961,0.758940758940759,0.758940758940759,0.758940758940759,0.758940758940759,0.7589473389664464,1.316005137486087e-05,119
155,4.209885883331299,0.2763706139366199,0.1813039779663086,0.03322193772199898,3.6822261020593277,0.0010378638641930196,25,234,97,"{'classifier__l2_regularization': 3.6822261020593277, 'classifier__learning_rate': 0.0010378638641930196, 'classifier__max_bins': 25, 'classifier__max_leaf_nodes': 234, 'classifier__min_samples_leaf': 97}",0.7589736590691961,0.758940758940759,0.758940758940759,0.758940758940759,0.758940758940759,0.7589473389664464,1.316005137486087e-05,119
156,4.247238683700561,0.20922430874720277,0.19239630699157714,0.02895187005465268,0.28129174857115363,0.019365443500794097,130,67,4,"{'classifier__l2_regularization': 0.28129174857115363, 'classifier__learning_rate': 0.019365443500794097, 'classifier__max_bins': 130, 'classifier__max_leaf_nodes': 67, 'classifier__min_samples_leaf': 4}",0.8637914562576771,0.8675948675948676,0.8681408681408681,0.8636363636363636,0.8654108654108654,0.8657148842081284,0.001872537628633535,7
157,0.9424059391021729,0.07042534384357449,0.11160993576049805,0.00543348157700558,108.6931827593378,0.2273029431489691,3,4,6,"{'classifier__l2_regularization': 108.6931827593378, 'classifier__learning_rate': 0.2273029431489691, 'classifier__max_bins': 3, 'classifier__max_leaf_nodes': 4, 'classifier__min_samples_leaf': 6}",0.8079705199945407,0.8087633087633087,0.8073983073983074,0.806988806988807,0.8098553098553098,0.8081952506000547,0.0010217255313227677,73
158,0.898047924041748,0.017722153847728454,0.12503519058227539,0.015374972007657915,0.4920775764677522,0.01690277735470407,3,3,1,"{'classifier__l2_regularization': 0.4920775764677522, 'classifier__learning_rate': 0.01690277735470407, 'classifier__max_bins': 3, 'classifier__max_leaf_nodes': 3, 'classifier__min_samples_leaf': 1}",0.7763068104271871,0.7758667758667759,0.7818727818727819,0.7783237783237783,0.7731367731367731,0.7771013839254592,0.002902903003727314,110
159,7.788750505447387,0.463845330576266,0.1806478500366211,0.021362631187008745,6.453232952280993e-06,0.002405806747508564,163,137,1,"{'classifier__l2_regularization': 6.453232952280993e-06, 'classifier__learning_rate': 0.002405806747508564, 'classifier__max_bins': 163, 'classifier__max_leaf_nodes': 137, 'classifier__min_samples_leaf': 1}",0.7589736590691961,0.758940758940759,0.758940758940759,0.758940758940759,0.758940758940759,0.7589473389664464,1.316005137486087e-05,119
160,0.9470194816589356,0.12289521515057861,0.11830458641052247,0.01854943736954358,0.5677514723504407,0.01437318444382446,42,3,10,"{'classifier__l2_regularization': 0.5677514723504407, 'classifier__learning_rate': 0.01437318444382446, 'classifier__max_bins': 42, 'classifier__max_leaf_nodes': 3, 'classifier__min_samples_leaf': 10}",0.8006005186297257,0.7960687960687961,0.7948402948402948,0.7967512967512967,0.7951132951132951,0.7966748402806818,0.0020778867130546103,90
161,8.512887907028198,0.5150342426202729,0.16340179443359376,0.009606352359877689,0.002596189261289487,0.0015527084716956375,34,163,11,"{'classifier__l2_regularization': 0.002596189261289487, 'classifier__learning_rate': 0.0015527084716956375, 'classifier__max_bins': 34, 'classifier__max_leaf_nodes': 163, 'classifier__min_samples_leaf': 11}",0.7589736590691961,0.758940758940759,0.758940758940759,0.758940758940759,0.758940758940759,0.7589473389664464,1.316005137486087e-05,119
162,1.301516056060791,0.0885208723055323,0.15563173294067384,0.03853839129214786,4.984432939723531e-06,0.03614663406480275,43,9,63,"{'classifier__l2_regularization': 4.984432939723531e-06, 'classifier__learning_rate': 0.03614663406480275, 'classifier__max_bins': 43, 'classifier__max_leaf_nodes': 9, 'classifier__min_samples_leaf': 63}",0.8527364542104545,0.8540813540813541,0.8540813540813541,0.8491673491673492,0.8494403494403494,0.8519013721961723,0.0021786931374947094,35
163,9.074108648300172,0.44831217669684137,0.186616849899292,0.011108701914947462,0.0015010357829858283,0.005216337421688176,13,231,78,"{'classifier__l2_regularization': 0.0015010357829858283, 'classifier__learning_rate': 0.005216337421688176, 'classifier__max_bins': 13, 'classifier__max_leaf_nodes': 231, 'classifier__min_samples_leaf': 78}",0.7735771802920705,0.7731367731367731,0.776003276003276,0.773955773955774,0.7742287742287742,0.7741803555233335,0.0009827212101981139,112
164,3.619360017776489,0.21092459341426706,0.16561174392700195,0.028451305329103314,71.9434368528788,0.0031638383281583403,57,57,3,"{'classifier__l2_regularization': 71.9434368528788, 'classifier__learning_rate': 0.0031638383281583403, 'classifier__max_bins': 57, 'classifier__max_leaf_nodes': 57, 'classifier__min_samples_leaf': 3}",0.7589736590691961,0.758940758940759,0.758940758940759,0.758940758940759,0.758940758940759,0.7589473389664464,1.316005137486087e-05,119
165,0.9964529514312744,0.14303638492050352,0.1313985824584961,0.029481320579312836,1.519850339623816e-05,0.01584050661427834,20,3,2,"{'classifier__l2_regularization': 1.519850339623816e-05, 'classifier__learning_rate': 0.01584050661427834, 'classifier__max_bins': 20, 'classifier__max_leaf_nodes': 3, 'classifier__min_samples_leaf': 2}",0.7985532960283882,0.7940212940212941,0.7921102921102922,0.7927927927927928,0.7926562926562927,0.7940267935218119,0.00234790388510745,96
166,6.3163941383361815,0.31992053692190914,0.17131547927856444,0.013326754663905835,2.857257768338485e-06,0.0010791871096116619,71,122,66,"{'classifier__l2_regularization': 2.857257768338485e-06, 'classifier__learning_rate': 0.0010791871096116619, 'classifier__max_bins': 71, 'classifier__max_leaf_nodes': 122, 'classifier__min_samples_leaf': 66}",0.7589736590691961,0.758940758940759,0.758940758940759,0.758940758940759,0.758940758940759,0.7589473389664464,1.316005137486087e-05,119
167,0.6582751750946045,0.03018702548698884,0.07440047264099121,0.00739234445638536,2.808960461016598,7.835965498866504,8,112,1,"{'classifier__l2_regularization': 2.808960461016598, 'classifier__learning_rate': 7.835965498866504, 'classifier__max_bins': 8, 'classifier__max_leaf_nodes': 112, 'classifier__min_samples_leaf': 1}",0.7259451344342841,0.665984165984166,0.6865956865956866,0.7485667485667485,0.7676767676767676,0.7189537006515306,0.03782211704817355,181
168,4.070459508895874,0.1061600861626669,0.1640798568725586,0.015242780644111324,0.7096647191977064,0.0016688553176380252,42,67,36,"{'classifier__l2_regularization': 0.7096647191977064, 'classifier__learning_rate': 0.0016688553176380252, 'classifier__max_bins': 42, 'classifier__max_leaf_nodes': 67, 'classifier__min_samples_leaf': 36}",0.7589736590691961,0.758940758940759,0.758940758940759,0.758940758940759,0.758940758940759,0.7589473389664464,1.316005137486087e-05,119
169,0.7971443653106689,0.03759873635017412,0.07161064147949218,0.00840427080842808,808.62191479296,5.811279160482931,19,120,1,"{'classifier__l2_regularization': 808.62191479296, 'classifier__learning_rate': 5.811279160482931, 'classifier__max_bins': 19, 'classifier__max_leaf_nodes': 120, 'classifier__min_samples_leaf': 1}",0.5591647331786543,0.7732732732732732,0.7716352716352717,0.7735462735462736,0.7725907725907726,0.730042064844849,0.08544121185497844,178
170,11.55858817100525,0.2870295850165898,0.18130340576171874,0.03661595740427117,0.0006096831904314193,0.015126715375211876,3,247,4,"{'classifier__l2_regularization': 0.0006096831904314193, 'classifier__learning_rate': 0.015126715375211876, 'classifier__max_bins': 3, 'classifier__max_leaf_nodes': 247, 'classifier__min_samples_leaf': 4}",0.8042855193121332,0.8063063063063063,0.8065793065793065,0.8048048048048048,0.8007098007098007,0.8045371475424703,0.002101612581677159,81
171,4.719423866271972,0.2072447923747461,0.18286027908325195,0.060130983522874104,0.09730843554335039,0.0094564270451117,6,85,61,"{'classifier__l2_regularization': 0.09730843554335039, 'classifier__learning_rate': 0.0094564270451117, 'classifier__max_bins': 6, 'classifier__max_leaf_nodes': 85, 'classifier__min_samples_leaf': 61}",0.8081070015012966,0.8097188097188097,0.8056238056238056,0.8057603057603058,0.8054873054873055,0.8069394456183046,0.0016922199563289921,79
172,1.6666599750518798,0.06948470018124586,0.08560104370117187,0.006150122861409536,0.0005731234839343305,0.5611839953380059,3,239,28,"{'classifier__l2_regularization': 0.0005731234839343305, 'classifier__learning_rate': 0.5611839953380059, 'classifier__max_bins': 3, 'classifier__max_leaf_nodes': 239, 'classifier__min_samples_leaf': 28}",0.8060597788999591,0.8042588042588042,0.8011193011193011,0.8001638001638002,0.8012558012558012,0.8025714971395331,0.0022204525944709455,84
173,0.9040680885314941,0.1118245173139068,0.10740232467651367,0.01820600822817645,4.501627808386573e-06,0.3634263398633722,121,24,34,"{'classifier__l2_regularization': 4.501627808386573e-06, 'classifier__learning_rate': 0.3634263398633722, 'classifier__max_bins': 121, 'classifier__max_leaf_nodes': 24, 'classifier__min_samples_leaf': 34}",0.8658386788590146,0.8729183729183729,0.872099372099372,0.8678678678678678,0.8690963690963691,0.8695641321681993,0.0026326218773534762,1
174,4.494780397415161,0.16821334381620023,0.1823035717010498,0.015486214310142845,3.3226428534790458,0.025976687833871272,59,75,20,"{'classifier__l2_regularization': 3.3226428534790458, 'classifier__learning_rate': 0.025976687833871272, 'classifier__max_bins': 59, 'classifier__max_leaf_nodes': 75, 'classifier__min_samples_leaf': 20}",0.8541012692780128,0.862953862953863,0.8606333606333606,0.855992355992356,0.8564018564018564,0.8580165410518898,0.0032637027138906123,14
175,8.420739603042602,0.13892237046017378,0.17304930686950684,0.01233743355451258,0.00071978811203149,0.0019055000774678772,90,159,3,"{'classifier__l2_regularization': 0.00071978811203149, 'classifier__learning_rate': 0.0019055000774678772, 'classifier__max_bins': 90, 'classifier__max_leaf_nodes': 159, 'classifier__min_samples_leaf': 3}",0.7589736590691961,0.758940758940759,0.758940758940759,0.758940758940759,0.758940758940759,0.7589473389664464,1.316005137486087e-05,119
176,1.0724613189697265,0.11724704164260165,0.0997992992401123,0.00795767794245448,1.7886621832722963e-05,0.3449557411428452,133,36,49,"{'classifier__l2_regularization': 1.7886621832722963e-05, 'classifier__learning_rate': 0.3449557411428452, 'classifier__max_bins': 133, 'classifier__max_leaf_nodes': 36, 'classifier__min_samples_leaf': 49}",0.8685683089941313,0.871007371007371,0.872099372099372,0.8644553644553644,0.8716898716898717,0.8695640576492221,0.0028326778736544006,2
177,1.8446118354797363,0.23493086285901593,0.09211626052856445,0.015202317649869325,0.03620559896573848,0.5909927120296359,201,189,4,"{'classifier__l2_regularization': 0.03620559896573848, 'classifier__learning_rate': 0.5909927120296359, 'classifier__max_bins': 201, 'classifier__max_leaf_nodes': 189, 'classifier__min_samples_leaf': 4}",0.8483690459942678,0.8501228501228502,0.8535353535353535,0.8475293475293475,0.8510783510783511,0.8501269896520341,0.0021147179746594247,38
178,1.4945267200469972,0.039315149617631384,0.1447068214416504,0.006506740544045738,22.827632803560732,0.0028602368899141874,45,12,14,"{'classifier__l2_regularization': 22.827632803560732, 'classifier__learning_rate': 0.0028602368899141874, 'classifier__max_bins': 45, 'classifier__max_leaf_nodes': 12, 'classifier__min_samples_leaf': 14}",0.7589736590691961,0.758940758940759,0.758940758940759,0.758940758940759,0.758940758940759,0.7589473389664464,1.316005137486087e-05,119
179,1.1906184673309326,0.11379944748210424,0.1685947895050049,0.08162124566607937,0.30251915785366273,0.0036480139928945477,4,5,21,"{'classifier__l2_regularization': 0.30251915785366273, 'classifier__learning_rate': 0.0036480139928945477, 'classifier__max_bins': 4, 'classifier__max_leaf_nodes': 5, 'classifier__min_samples_leaf': 21}",0.7589736590691961,0.758940758940759,0.758940758940759,0.758940758940759,0.758940758940759,0.7589473389664464,1.316005137486087e-05,119
180,0.44198832511901853,0.12996524037848425,0.07755193710327149,0.015027764240364555,0.039683819298422726,3.5683729207784673,3,6,3,"{'classifier__l2_regularization': 0.039683819298422726, 'classifier__learning_rate': 3.5683729207784673, 'classifier__max_bins': 3, 'classifier__max_leaf_nodes': 6, 'classifier__min_samples_leaf': 3}",0.3219598744370138,0.7571662571662572,0.7244062244062244,0.7111657111657111,0.758940758940759,0.6547277652231931,0.16740895510441556,188
181,1.3025970458984375,0.04199432147724185,0.14783177375793458,0.023554221440946325,0.006862667921096233,0.07149882298492503,87,8,2,"{'classifier__l2_regularization': 0.006862667921096233, 'classifier__learning_rate': 0.07149882298492503, 'classifier__max_bins': 87, 'classifier__max_leaf_nodes': 8, 'classifier__min_samples_leaf': 2}",0.8550566398253037,0.8648648648648649,0.8607698607698607,0.8547638547638547,0.8562653562653563,0.858344115297848,0.00390772096239631,12
182,8.36589674949646,0.16054639226005749,0.17899785041809083,0.017097202232891066,0.30402567603733555,0.0021783515288261346,91,160,7,"{'classifier__l2_regularization': 0.30402567603733555, 'classifier__learning_rate': 0.0021783515288261346, 'classifier__max_bins': 91, 'classifier__max_leaf_nodes': 160, 'classifier__min_samples_leaf': 7}",0.7589736590691961,0.758940758940759,0.758940758940759,0.758940758940759,0.758940758940759,0.7589473389664464,1.316005137486087e-05,119
183,2.528987693786621,0.16292937545773756,0.14955029487609864,0.01084311125082628,4.206929823836085e-06,0.003851869628419049,75,32,3,"{'classifier__l2_regularization': 4.206929823836085e-06, 'classifier__learning_rate': 0.003851869628419049, 'classifier__max_bins': 75, 'classifier__max_leaf_nodes': 32, 'classifier__min_samples_leaf': 3}",0.7589736590691961,0.758940758940759,0.758940758940759,0.758940758940759,0.758940758940759,0.7589473389664464,1.316005137486087e-05,119
184,0.8028051853179932,0.03884906805916935,0.11635870933532715,0.010930968595937703,0.03128913903003431,0.0010705008463993738,19,2,3,"{'classifier__l2_regularization': 0.03128913903003431, 'classifier__learning_rate': 0.0010705008463993738, 'classifier__max_bins': 19, 'classifier__max_leaf_nodes': 2, 'classifier__min_samples_leaf': 3}",0.7589736590691961,0.758940758940759,0.758940758940759,0.758940758940759,0.758940758940759,0.7589473389664464,1.316005137486087e-05,119
185,1.210573148727417,0.13191312423182477,0.13131318092346192,0.016568735085433987,336.8828448000055,0.005363753182737246,30,7,5,"{'classifier__l2_regularization': 336.8828448000055, 'classifier__learning_rate': 0.005363753182737246, 'classifier__max_bins': 30, 'classifier__max_leaf_nodes': 7, 'classifier__min_samples_leaf': 5}",0.7589736590691961,0.758940758940759,0.758940758940759,0.758940758940759,0.758940758940759,0.7589473389664464,1.316005137486087e-05,119
186,1.126057004928589,0.07851293414204341,0.12395615577697754,0.02116543188743128,4.424372170294609e-06,0.07445890067926354,3,5,24,"{'classifier__l2_regularization': 4.424372170294609e-06, 'classifier__learning_rate': 0.07445890067926354, 'classifier__max_bins': 3, 'classifier__max_leaf_nodes': 5, 'classifier__min_samples_leaf': 24}",0.8076975569810291,0.8080808080808081,0.8091728091728092,0.8072618072618073,0.8078078078078078,0.8080041578608522,0.0006411338393657423,75
187,1.5091283321380615,0.05487618406989923,0.14899945259094238,0.02934320655494717,12.213811372781487,0.005383631041086832,14,13,68,"{'classifier__l2_regularization': 12.213811372781487, 'classifier__learning_rate': 0.005383631041086832, 'classifier__max_bins': 14, 'classifier__max_leaf_nodes': 13, 'classifier__min_samples_leaf': 68}",0.7589736590691961,0.758940758940759,0.758940758940759,0.758940758940759,0.758940758940759,0.7589473389664464,1.316005137486087e-05,119
188,0.3504016876220703,0.03541543009808014,0.06959552764892578,0.005462799065972349,0.11416308510097858,2.6461858152223443,3,3,1,"{'classifier__l2_regularization': 0.11416308510097858, 'classifier__learning_rate': 2.6461858152223443, 'classifier__max_bins': 3, 'classifier__max_leaf_nodes': 3, 'classifier__min_samples_leaf': 1}",0.4270506346390064,0.4126399126399126,0.41482391482391484,0.4333879333879334,0.4307944307944308,0.4237393652570396,0.008444127266434192,197
189,1.1062642574310302,0.16710888582262037,0.07440271377563476,0.00665157326405403,0.136746249309913,0.8671293329835059,3,112,6,"{'classifier__l2_regularization': 0.136746249309913, 'classifier__learning_rate': 0.8671293329835059, 'classifier__max_bins': 3, 'classifier__max_leaf_nodes': 112, 'classifier__min_samples_leaf': 6}",0.8029207042445748,0.8027573027573027,0.8005733005733006,0.797979797979798,0.8004368004368004,0.8009335811983552,0.0018097539546279766,86
190,0.4514211654663086,0.07654087089315373,0.07503294944763184,0.004584558382434314,0.0223921885333664,1.0735150635830604,13,5,21,"{'classifier__l2_regularization': 0.0223921885333664, 'classifier__learning_rate': 1.0735150635830604, 'classifier__max_bins': 13, 'classifier__max_leaf_nodes': 5, 'classifier__min_samples_leaf': 21}",0.839907192575406,0.8419328419328419,0.8412503412503413,0.8416598416598416,0.8405678405678406,0.8410636115972544,0.0007387846093252138,50
191,0.4428544998168945,0.019071335892211112,0.07459921836853027,0.003773758792767009,5.98244656174337,8.233423445516056,29,53,93,"{'classifier__l2_regularization': 5.98244656174337, 'classifier__learning_rate': 8.233423445516056, 'classifier__max_bins': 29, 'classifier__max_leaf_nodes': 53, 'classifier__min_samples_leaf': 93}",0.7817660706974205,0.6558831558831559,0.7815997815997816,0.7496587496587497,0.7248157248157249,0.7387446965309665,0.04661880452923317,175
192,8.678147125244141,0.5780454621885743,0.16560821533203124,0.016692407998841575,1.0049226596540268e-05,0.048840986665749146,9,206,12,"{'classifier__l2_regularization': 1.0049226596540268e-05, 'classifier__learning_rate': 0.048840986665749146, 'classifier__max_bins': 9, 'classifier__max_leaf_nodes': 206, 'classifier__min_samples_leaf': 12}",0.8396342295618944,0.8397488397488397,0.8353808353808354,0.831968331968332,0.8299208299208299,0.8353306133161464,0.003965225141227168,54
193,2.6053860664367674,0.12635840956829653,0.167433500289917,0.01632320750396855,0.01067737091763017,0.02242121869640319,20,36,1,"{'classifier__l2_regularization': 0.01067737091763017, 'classifier__learning_rate': 0.02242121869640319, 'classifier__max_bins': 20, 'classifier__max_leaf_nodes': 36, 'classifier__min_samples_leaf': 1}",0.8483690459942678,0.8558558558558559,0.8555828555828556,0.8513513513513513,0.8528528528528528,0.8528023923274366,0.0027862965141150172,31
194,2.771153783798218,0.11697489468669423,0.1432199478149414,0.011344168009827188,731.6519168938657,0.02487455033005273,6,154,29,"{'classifier__l2_regularization': 731.6519168938657, 'classifier__learning_rate': 0.02487455033005273, 'classifier__max_bins': 6, 'classifier__max_leaf_nodes': 154, 'classifier__min_samples_leaf': 29}",0.7974614439743415,0.7994812994812995,0.7993447993447993,0.7971607971607971,0.8000273000273,0.7986951279977075,0.0011568031953514584,89
195,1.2940743923187257,0.022161722381291965,0.13142032623291017,0.007018330669088201,1.1158823932420296e-05,0.008724822078152032,11,10,13,"{'classifier__l2_regularization': 1.1158823932420296e-05, 'classifier__learning_rate': 0.008724822078152032, 'classifier__max_bins': 11, 'classifier__max_leaf_nodes': 10, 'classifier__min_samples_leaf': 13}",0.7899549611027705,0.7923832923832924,0.788970788970789,0.7906087906087906,0.7930657930657931,0.7909967252262871,0.0015194600141631741,99
196,1.403853178024292,0.05695518388011575,0.1356191635131836,0.009969219127332498,1.1417666366926647e-06,0.007010489245029278,4,10,23,"{'classifier__l2_regularization': 1.1417666366926647e-06, 'classifier__learning_rate': 0.007010489245029278, 'classifier__max_bins': 4, 'classifier__max_leaf_nodes': 10, 'classifier__min_samples_leaf': 23}",0.7739866248123379,0.7751842751842751,0.7755937755937756,0.7747747747747747,0.7725907725907726,0.7744260445911871,0.0010603240188919111,111
197,0.8690132617950439,0.10460248838660809,0.08542962074279785,0.006067371896803201,8.91014030867121,0.7568158179842686,61,50,75,"{'classifier__l2_regularization': 8.91014030867121, 'classifier__learning_rate': 0.7568158179842686, 'classifier__max_bins': 61, 'classifier__max_leaf_nodes': 50, 'classifier__min_samples_leaf': 75}",0.8561484918793504,0.8574938574938575,0.858039858039858,0.853944853944854,0.8542178542178542,0.8559689831151548,0.0016618988858553081,19
198,0.9687482357025147,0.03544781246735132,0.12569036483764648,0.006516319402140503,0.00010684486460927364,0.005116236708393529,121,4,12,"{'classifier__l2_regularization': 0.00010684486460927364, 'classifier__learning_rate': 0.005116236708393529, 'classifier__max_bins': 121, 'classifier__max_leaf_nodes': 4, 'classifier__min_samples_leaf': 12}",0.762385696738092,0.7622167622167623,0.7626262626262627,0.7624897624897625,0.7616707616707616,0.7622778491483282,0.00033172794188261073,117
199,0.3675360679626465,0.016766470346069005,0.07040185928344726,0.0025762002264595393,0.0003622440530515436,2.184223834179786,43,8,1,"{'classifier__l2_regularization': 0.0003622440530515436, 'classifier__learning_rate': 2.184223834179786, 'classifier__max_bins': 43, 'classifier__max_leaf_nodes': 8, 'classifier__min_samples_leaf': 1}",0.762385696738092,0.24392574392574393,0.6415506415506416,0.5427245427245427,0.7323232323232324,0.5845819714524505,0.18680780709292424,196
